/*
 Navicat Premium Data Transfer

 Source Server         : localhost
 Source Server Type    : MySQL
 Source Server Version : 50617
 Source Host           : localhost
 Source Database       : dinamo_master

 Target Server Type    : MySQL
 Target Server Version : 50617
 File Encoding         : utf-8

 Date: 08/04/2014 23:55:50 PM
*/

SET NAMES utf8;
SET FOREIGN_KEY_CHECKS = 0;

-- ----------------------------
--  Table structure for `campains`
-- ----------------------------
DROP TABLE IF EXISTS `campains`;
CREATE TABLE `campains` (
  `id` int(11) unsigned NOT NULL AUTO_INCREMENT,
  `status` int(1) DEFAULT NULL,
  `campain_type_id` int(11) unsigned DEFAULT NULL,
  `core_website_id` int(11) unsigned DEFAULT NULL,
  `campain_a` int(2) DEFAULT NULL,
  `campain_name` varchar(100) DEFAULT NULL,
  `create_time` timestamp NULL DEFAULT '0000-00-00 00:00:00',
  `update_time` timestamp NULL DEFAULT CURRENT_TIMESTAMP ON UPDATE CURRENT_TIMESTAMP,
  PRIMARY KEY (`id`)
) ENGINE=InnoDB AUTO_INCREMENT=12 DEFAULT CHARSET=utf8;

-- ----------------------------
--  Records of `campains`
-- ----------------------------
BEGIN;
INSERT INTO `campains` VALUES ('1', '1', '1', '1', '5', 'Sabahlayan Tarife', '0000-00-00 00:00:00', '2014-08-04 20:21:20'), ('2', '1', '1', '1', '5', 'Sabit Tarife', '0000-00-00 00:00:00', '2014-08-04 20:21:21'), ('3', '1', '1', '1', '5', 'Balayı Tarifesi', '0000-00-00 00:00:00', '2014-08-04 20:21:36'), ('4', '1', '1', '1', '5', 'Geniş Çevre Tarifesi', '0000-00-00 00:00:00', '2014-08-04 20:21:45'), ('5', '1', '1', '1', '5', 'Hem Evime Hem İşime Tarifesi', '0000-00-00 00:00:00', '2014-08-04 20:21:55'), ('6', '1', '1', '2', '5', 'İşyerim Tarifesi', '0000-00-00 00:00:00', '2014-08-04 20:22:38'), ('7', '1', '1', '2', '5', 'Girişimci Tarifesi', '0000-00-00 00:00:00', '2014-08-04 20:22:40'), ('8', '1', '1', '1', '5', 'Zamlanmayan Tarife', '0000-00-00 00:00:00', '2014-08-04 20:23:37'), ('9', '1', '1', '1', '5', 'Unutkan Tarife', '0000-00-00 00:00:00', '2014-08-04 20:23:40'), ('10', '1', '1', '2', '5', 'Zamlanmayan Tarife', '0000-00-00 00:00:00', '2014-08-04 20:24:07'), ('11', '1', '1', '2', '5', 'Unutkan Tarife', '0000-00-00 00:00:00', '2014-08-04 20:24:18');
COMMIT;

-- ----------------------------
--  Table structure for `campains_desc`
-- ----------------------------
DROP TABLE IF EXISTS `campains_desc`;
CREATE TABLE `campains_desc` (
  `id` int(11) unsigned NOT NULL AUTO_INCREMENT,
  `contents_desc_id` int(11) unsigned DEFAULT NULL,
  `status` int(1) DEFAULT '0',
  `create_time` timestamp NULL DEFAULT '0000-00-00 00:00:00',
  `update_time` timestamp NULL DEFAULT CURRENT_TIMESTAMP ON UPDATE CURRENT_TIMESTAMP,
  PRIMARY KEY (`id`)
) ENGINE=InnoDB DEFAULT CHARSET=utf8;

-- ----------------------------
--  Table structure for `campains_type`
-- ----------------------------
DROP TABLE IF EXISTS `campains_type`;
CREATE TABLE `campains_type` (
  `id` int(11) unsigned NOT NULL AUTO_INCREMENT,
  `status` int(1) DEFAULT '0',
  `campain_type_name` varchar(100) DEFAULT NULL,
  `create_time` timestamp NULL DEFAULT '0000-00-00 00:00:00',
  `update_time` timestamp NULL DEFAULT CURRENT_TIMESTAMP ON UPDATE CURRENT_TIMESTAMP,
  PRIMARY KEY (`id`)
) ENGINE=InnoDB AUTO_INCREMENT=2 DEFAULT CHARSET=utf8;

-- ----------------------------
--  Records of `campains_type`
-- ----------------------------
BEGIN;
INSERT INTO `campains_type` VALUES ('1', '1', 'Bireysel Kampanya', '0000-00-00 00:00:00', '2014-08-04 20:15:22');
COMMIT;

-- ----------------------------
--  Table structure for `categories`
-- ----------------------------
DROP TABLE IF EXISTS `categories`;
CREATE TABLE `categories` (
  `id` int(11) unsigned NOT NULL AUTO_INCREMENT,
  `category_name` varchar(100) DEFAULT NULL,
  `level` int(1) DEFAULT '0',
  `category_group_id` int(11) unsigned DEFAULT NULL,
  `parent_id` int(11) unsigned DEFAULT NULL,
  `core_url_id` int(11) unsigned DEFAULT NULL,
  `icon_spec` varchar(50) DEFAULT NULL,
  `core_website_id` int(11) unsigned DEFAULT NULL,
  `status` int(1) DEFAULT '0',
  `create_time` timestamp NULL DEFAULT '0000-00-00 00:00:00',
  `update_time` timestamp NULL DEFAULT CURRENT_TIMESTAMP ON UPDATE CURRENT_TIMESTAMP,
  PRIMARY KEY (`id`),
  UNIQUE KEY `UNQ_categories_core_url_id` (`core_url_id`) USING BTREE,
  KEY `IDX_categories_category_group_id` (`category_group_id`) USING BTREE,
  KEY `IDX_categories_core_website_id` (`core_website_id`),
  CONSTRAINT `FK_categories_core_url_id_core_url_id` FOREIGN KEY (`core_url_id`) REFERENCES `core_url` (`id`) ON DELETE NO ACTION ON UPDATE CASCADE,
  CONSTRAINT `FK_categories_category_group_id_categories_group_id` FOREIGN KEY (`category_group_id`) REFERENCES `categories_group` (`id`) ON DELETE NO ACTION ON UPDATE CASCADE,
  CONSTRAINT `FK_categories_core_website_id_core_website_id` FOREIGN KEY (`core_website_id`) REFERENCES `core_website` (`id`) ON DELETE NO ACTION ON UPDATE NO ACTION
) ENGINE=InnoDB AUTO_INCREMENT=29 DEFAULT CHARSET=utf8;

-- ----------------------------
--  Records of `categories`
-- ----------------------------
BEGIN;
INSERT INTO `categories` VALUES ('1', 'ROOT', '0', null, null, null, null, '1', '0', '2014-07-31 16:55:02', '2014-08-04 11:45:44'), ('2', 'Hemen Başvur', '0', '5', '1', '2', 'ico-basvur', '1', '1', '0000-00-00 00:00:00', '2014-08-04 11:45:37'), ('3', 'Ödeme Yap', '0', '5', '1', '3', 'ico-basvur', '1', '1', '0000-00-00 00:00:00', '2014-08-04 11:46:39'), ('4', 'Online İşlem Merkezi', '0', '5', '1', '4', 'ico-online', '1', '1', '0000-00-00 00:00:00', '2014-08-04 11:46:47'), ('5', 'Hemen Başvur', '0', '6', '1', '5', 'ico-basvur', '2', '1', '0000-00-00 00:00:00', '2014-08-04 13:02:59'), ('6', 'Ödeme Yap', '0', '6', '1', '6', 'ico-basvur', '2', '1', '0000-00-00 00:00:00', '2014-08-04 12:18:41'), ('7', 'Online İşlem Merkezi', '0', '6', '1', '7', 'ico-online', '2', '1', '0000-00-00 00:00:00', '2014-08-04 12:28:21'), ('8', 'Keşfet', '0', '1', '1', '8', null, '1', '1', '0000-00-00 00:00:00', '2014-08-04 14:02:20'), ('9', 'Tarifeler', '0', '1', '1', '9', null, '1', '1', '0000-00-00 00:00:00', '2014-08-04 14:02:22'), ('10', 'Kampanyalar', '0', '1', '1', '10', null, '1', '1', '0000-00-00 00:00:00', '2014-08-04 14:02:26'), ('11', 'Dinamolu Olmak İstiyorum', '0', '1', '1', '11', null, '1', '0', '0000-00-00 00:00:00', '2014-08-04 17:23:33'), ('12', 'Kesfet', '0', '3', '1', '12', null, '2', '1', '0000-00-00 00:00:00', '2014-08-04 14:15:11'), ('13', 'Tarifeler', '0', '3', '1', '13', null, '2', '1', '0000-00-00 00:00:00', '2014-08-04 14:15:13'), ('14', 'Kampanyalar', '0', '3', '1', '14', null, '2', '1', '0000-00-00 00:00:00', '2014-08-04 14:15:16'), ('15', 'Dinamolu Olmak İstiyorum', '0', '3', '1', '15', null, '2', '0', '0000-00-00 00:00:00', '2014-08-04 17:23:38'), ('16', 'HAKKIMIZDA', '0', '2', '1', '16', null, '1', '1', '0000-00-00 00:00:00', '2014-08-04 14:31:52'), ('17', 'HABERLER', '0', '2', '1', '17', null, '1', '1', '0000-00-00 00:00:00', '2014-08-04 14:31:58'), ('18', 'BASIN ODASI', '0', '2', '1', '18', null, '1', '1', '0000-00-00 00:00:00', '2014-08-04 14:32:04'), ('19', 'SIKÇA SORULAN SORULAR', '0', '2', '1', '19', null, '1', '1', '0000-00-00 00:00:00', '2014-08-04 14:32:14'), ('20', 'İLETİŞİM', '0', '2', '1', '20', null, '1', '1', '0000-00-00 00:00:00', '2014-08-04 14:32:18'), ('21', 'HAKKIMIZDA', '0', '4', '1', '21', null, '2', '1', '0000-00-00 00:00:00', '2014-08-04 14:33:18'), ('22', 'HABERLER', '0', '4', '1', '22', null, '2', '1', '0000-00-00 00:00:00', '2014-08-04 14:33:21'), ('23', 'BASIN ODASI', '0', '4', '1', '23', null, '2', '1', '0000-00-00 00:00:00', '2014-08-04 14:33:23'), ('24', 'SIKÇA SORULAN SORULAR', '0', '4', '1', '24', null, '2', '1', '0000-00-00 00:00:00', '2014-08-04 14:33:25'), ('25', 'İLETİŞİM', '0', '4', '1', '25', null, '2', '0', '0000-00-00 00:00:00', '2014-08-04 15:05:19');
COMMIT;

-- ----------------------------
--  Table structure for `categories_group`
-- ----------------------------
DROP TABLE IF EXISTS `categories_group`;
CREATE TABLE `categories_group` (
  `id` int(11) unsigned NOT NULL AUTO_INCREMENT,
  `category_group_name` varchar(100) DEFAULT NULL,
  `status` int(1) DEFAULT '0',
  `create_time` timestamp NULL DEFAULT '0000-00-00 00:00:00',
  `update_time` timestamp NULL DEFAULT CURRENT_TIMESTAMP ON UPDATE CURRENT_TIMESTAMP,
  PRIMARY KEY (`id`),
  UNIQUE KEY `UNQ_categroies_group_name` (`category_group_name`)
) ENGINE=InnoDB AUTO_INCREMENT=7 DEFAULT CHARSET=utf8;

-- ----------------------------
--  Records of `categories_group`
-- ----------------------------
BEGIN;
INSERT INTO `categories_group` VALUES ('1', 'Bireysel Ana Menu', '1', '2014-07-31 16:53:15', '2014-07-31 17:56:13'), ('2', 'Bireysel Footer Menu', '1', '2014-07-31 16:57:46', '2014-07-31 17:56:18'), ('3', 'Kurumsal Ana Menu', '1', '2014-07-31 17:56:34', '2014-07-31 17:56:34'), ('4', 'Kurumsal Footer Menu', '1', '2014-07-31 17:56:46', '2014-07-31 17:56:46'), ('5', 'Bireysel Hızlı Menu', '1', '0000-00-00 00:00:00', '2014-08-04 10:01:56'), ('6', 'Kurumsal Hızlı Menu', '1', '0000-00-00 00:00:00', '2014-08-04 10:02:04');
COMMIT;

-- ----------------------------
--  Table structure for `content_spec`
-- ----------------------------
DROP TABLE IF EXISTS `content_spec`;
CREATE TABLE `content_spec` (
  `id` int(11) unsigned NOT NULL AUTO_INCREMENT,
  `content_id` int(11) unsigned DEFAULT NULL,
  `content_spec_css` text,
  `content_spec_js` text,
  PRIMARY KEY (`id`)
) ENGINE=InnoDB DEFAULT CHARSET=utf8;

-- ----------------------------
--  Table structure for `contents`
-- ----------------------------
DROP TABLE IF EXISTS `contents`;
CREATE TABLE `contents` (
  `id` int(11) unsigned NOT NULL AUTO_INCREMENT,
  `core_url_id` int(11) unsigned DEFAULT NULL,
  `content_name` varchar(100) DEFAULT NULL,
  `content_body` text,
  `core_website_id` int(11) unsigned DEFAULT NULL,
  `homepage` int(1) DEFAULT '0',
  `status` int(1) DEFAULT NULL,
  `create_time` timestamp NULL DEFAULT '0000-00-00 00:00:00',
  `update_time` timestamp NULL DEFAULT CURRENT_TIMESTAMP ON UPDATE CURRENT_TIMESTAMP,
  PRIMARY KEY (`id`),
  KEY `IDX_content_core_url_id` (`core_url_id`) USING BTREE,
  CONSTRAINT `FK_content_core_url_id_core_url_core_url_id` FOREIGN KEY (`core_url_id`) REFERENCES `core_url` (`id`) ON DELETE NO ACTION ON UPDATE CASCADE
) ENGINE=InnoDB AUTO_INCREMENT=38 DEFAULT CHARSET=utf8;

-- ----------------------------
--  Records of `contents`
-- ----------------------------
BEGIN;
INSERT INTO `contents` VALUES ('1', '1', 'Anasayfa', '            <div class=\"container\">\n                <div class=\"cycle-slideshow\">\n                    <button class=\"prev\" data-cycle-cmd=\"prev\">Prev</button>\n                    <div class=\"cycle-overlay\"></div>\n                    <img src=\"/media/cms/slider1.jpg\" data-cycle-title=\"Yaşam tarzınıza uygun elektrik!\" data-cycle-desc=\"Dinamo, ihtiyaçlarınıza uygun elektriği hiçbir altyapı değişikliği gerekmeden size sunuyor. \">\n                    <img src=\"http://lorempixel.com/940/500/technics/1/\" data-cycle-title=\"Redwoods\" data-cycle-desc=\"Muir Woods National Monument\">\n                    <img src=\"http://lorempixel.com/940/500/technics/2/\" data-cycle-title=\"Angel Island\" data-cycle-desc=\"San Franscisco Bay\">\n                    <img src=\"http://lorempixel.com/940/500/technics/3/\" data-cycle-title=\"Raquette Lake\" data-cycle-desc=\"Adirondack State Park\">\n                    <div class=\"cycle-pager\"></div>\n                    <button class=\"next\" data-cycle-cmd=\"next\">Next</button>\n                </div>\n                <hr>\n            </div>\n            <section class=\"container clearfix not-white\">\n                <div class=\"col-3-2 mr10 left\">\n                    <img src=\"/media/cms/elektrik-hesapla.jpg\" alt=\"\">\n                    <div class=\"text\" id=\"bos\">\n                        <h3><b>Ekonomik <br> Elektrik</b> Hesaplama!</h3>\n                        <p>Mevcut tüketim bilgilerinizi girin, size\n                        en uygun olanı seçin ve ne kadar kazanacağınızı görün!</p>\n                        <br>\n\n                        <input type=\"text\" placeholder=\"00.0\" class=\"homeTariff\" id=\"bireyselHesapla\" value=\"\">\n                        <br clear=\"all\">\n\n                        <select class=\"select\" id=\"bireyselTarife\">\n                           <option>Tarifeni Seç</option>\n                        </select>\n                        <br clear=\"all\">\n                        <br clear=\"all\">\n\n\n                        <a href=\"\" class=\"btn-green\" id=\"bireselHesaplaBtn\">HESAPLA</a>\n\n                    </div>\n                    <div class=\"text\" id=\"dolu\">\n                        <h3><b>Ekonomik <br> Elektrik</b> Hesaplama!</h3>\n                        <p>Mevcut tüketim bilgilerinizi girin, size\n                        en uygun olanı seçin ve ne kadar kazanacağınızı görün!</p>\n                        <br clear=\"all\">\n                        <br clear=\"all\">\n\n                        <p>Tarife: <b>SABİT TARİFE</b></p>\n                        <p>Dinamo ile elde edeceğiniz kar:</p>\n                        <p><b class=\"fz26\">2.56 tl</b> <a class=\"green ml10\" href=\"#\" id=\"bireyselYeniden\"><b>Yeniden Hesapla</b></a></p>\n\n                        <br clear=\"all\">\n                        <br clear=\"all\">\n\n\n                        <a href=\"bireysel-hemen-basvur\" class=\"btn-green\">HEMEN BAŞVUR</a>\n\n                    </div>\n                </div>\n                <div class=\"col-3-1 ml10 right\">\n                    <img src=\"/media/cms/nasil-katilirim.jpg\" alt=\"\">\n                    <div class=\"text\">\n                        <h3><b>Nasıl</b> Katılırım?</h3>\n                        <p>Serbest tüketici olmanız ve başka\n                        bir tedarikçi ile sözleşmenizin\n                        olmaması yeterli.</p>\n                        <br clear=\"all\">\n                        <a href=\"/cms/bireysel-hemen-basvur\" class=\"btn-green left\">HEMEN BAŞVUR</a>\n                    </div>\n                </div>\n                <br clear=\"all\">\n                <hr>\n                <div class=\"happy-client clearfix\">\n                    <div class=\"col-4-2\">\n                        <h3>TWITTER</h3>\n                        <p>Lorem ipsum dolor sit amet, consectetur adipisicing elit. Minus repellendus ab ipsum vero quisquam est, praesentium nam neque eaque veniam assumenda rem.</p>\n                        <div class=\"profile\">\n                            <img src=\"http://lorempixel.com/gray/45/45/people/1/\" alt=\"\">\n                            <span class=\"name\">Tarkan</span>\n                            <span class=\"nick\">@MegaStar</span>\n                        </div>\n                    </div>\n                    <div class=\"col-4-1 green-bg\">\n                        <h3>TWITTER</h3>\n                         <p>Repellendus consectetur nihil, nemo deserunt molestiae ab ducimus.</p>\n                         <div class=\"profile\">\n                            <img src=\"http://lorempixel.com/gray/45/45/people/2/\" alt=\"\">\n                            <span class=\"name\">Sinan Afra</span>\n                            <span class=\"nick\">@CEO_markafoni</span>\n                        </div>\n                    </div>\n                    <div class=\"col-4-1\">\n                        <h3>TWITTER</h3>\n                        <p>\"Sint libero voluptate reprehenderit a, quasi aperiam\", doloribus esse error suscipit.</p>\n                        <div class=\"profile\">\n                            <img src=\"http://lorempixel.com/gray/45/45/people/3/\" alt=\"\">\n                            <span class=\"name\">Geyik Kafe </span>\n                            <span class=\"nick\">@kafeGeyik</span>\n                        </div>\n\n                    </div>\n                </div>\n                <br clear=\"all\">\n                <br clear=\"all\">\n\n            </section>', '1', '1', '1', '0000-00-00 00:00:00', '2014-08-04 22:01:58'), ('2', '2', 'Bireysel Hemen Başvur', '<div class=\"container clearfix main-page\">\n                <section class=\"content-section ignore-strict-width\">\n                    <form action=\"bireysel-basvuru-fatura-bilgileri\" class=\"bb-form\">\n\n                        <h2>Bireysel<br> Başvuru Formu</h2>\n                        <hr class=\"green\">\n                        <!--<nav class=\"steps\">\n                            <ul>\n                                <li class=\"active\"><a href=\"#\"><span class=\"dinamo-icon-Kisisel-Bilgiler\"></span> Kişisel Bilgiler</a></li>\n                                <li><a href=\"#\"><span class=\"dinamo-icon-Fatura-Bilgileri\"></span>Fatura Bilgileri</a></li>\n                                <li><a href=\"#\"><span class=\"dinamo-icon-Tarifeler\"></span>Tarife Seç</a></li>\n                                <li><a href=\"#\"><span class=\"dinamo-icon-Ziyaret\"></span>Ziyaret Zamanı</a></li>\n                            </ul>\n                        </nav>-->\n                        <ul id=\"steps\">\n                            <li class=\"active dinamo-icon-Kisisel-Bilgiler\"><a href=\"\">Kişisel Bilgiler</a></li><li class=\"dinamo-icon-Fatura-Bilgileri\"><a href=\"\">Fatura Bilgileri</a></li><li class=\"dinamo-icon-Tarifeler\"><a href=\"\">Tarife Seç</a></li><li class=\"dinamo-icon-Ziyaret\"><a href=\"\">Ziyaret Zamanı</a></li>\n                        </ul>\n                        <div class=\"row\">\n                            <label for=\"ad-soyad\">Ad Soyad:</label>\n                            <input type=\"text\" id=\"ad-soyad\" name=\"ad-soyad\" placeholder=\"Ad Soyad\">\n                        </div>\n                        <div class=\"row\">\n                            <label for=\"tckn\">TC Kimlik Numarası:</label>\n                            <input type=\"text\" id=\"tckn\" name=\"tckn\" placeholder=\"TC Kimlik Numarası\">\n                        </div>\n                        <div class=\"row\">\n                            <label for=\"mobil\">Mobil Telefon:</label>\n                            <input type=\"tel\" id=\"mobil\" name=\"mobil\" placeholder=\"Mobil Telefon\">\n                        </div>\n                        <div class=\"row\">\n                            <label for=\"eposta\">E-Posta Adresi:</label>\n                            <input type=\"email\" id=\"eposta\" name=\"eposta\" class=\"mid\" placeholder=\"E-Posta Adresi\">\n                        </div>\n                        <div class=\"row\">\n                            <div class=\"col2 right-indent\">\n                                <label class=\"field-caption\" for=\"il\">İl Seçiniz:</label>\n                                <select id=\"city\" name=\"city\" class=\"select\">\n                                   <option>Seçiniz</option>\n                                   \n                                </select>\n                            </div><div class=\"col2 left-indent\">\n                                <label class=\"field-caption\" for=\"il\">İlçe Seçiniz:</label>\n                                <select id=\"region\" name=\"region\" class=\"select\">\n                                   <option>Seçiniz</option>\n                                   \n                                </select>\n                            </div>\n                        </div>\n                        <div class=\"row\">\n                        <label for=\"adres\">Adres:</label>\n                            <textarea name=\"adres\" id=\"adres\" cols=\"30\" rows=\"10\" placeholder=\"Adres\"></textarea>\n                        </div>\n                        <div class=\"row\">\n                            <div class=\"left\"><input type=\"checkbox\" id=\"indirim\" name=\"indirim\" value=\"indirim\"/> <label for=\"indirim\"><span></span>İndirim kuponu kullanmak istiyorum. </label></div>\n                        </div>\n                        <div class=\"row\" id=\"indirim-kod\">\n                            <input type=\"text\" placeholder=\"Kupon kodunu giriniz.\">\n                        </div>\n                        <div class=\"row\">\n                            <input type=\"submit\" class=\"btn-green\" value=\"DEVAM ET\" id=\"bireyselOne\">\n                        </div>\n                    </form>\n\n\n                </section>\n            </div>', '1', '0', '1', '0000-00-00 00:00:00', '2014-08-04 22:17:45'), ('3', '3', 'Bireysel Hemen Ödeme', '<div class=\"container clearfix main-page odeme-yap\">\n                <section class=\"content-wrapper ignore-strict-width\">\n                <br />\n                    <h2>Fatura Ödeme</h2>\n                    <div class=\"bottom-line\"></div>\n                    <div class=\"row\">\n                        <div class=\"content-title\"><strong>Kemalettin Kahramanoğlu</strong> adına ödenecek faturalar aşağıda listelenmiştir.</div>\n                    </div>\n                    <div class=\"row mbot10\">\n                        <table class=\"select-table\">\n                            <tr>\n                                <th width=\"62px\">\n                                    <input type=\"checkbox\" id=\"check-all\" name=\"check-all\"/><label for=\"check-all\"><span></span></label>\n                                </th>\n                                <th>Fatura Dönemi</th>\n                                <th>Son Ödeme Tarihi</th>\n                                <th>Fatura Tutarı</th>\n                            </tr>\n                            <tr>\n                                <td><input type=\"checkbox\" id=\"check-1\" name=\"check-1\"/><label for=\"check-1\"><span></span></label></td>\n                                <td>04.07.2014</td>\n                                <td>04.08.2014</td>\n                                <td>36.45 TL</td>\n                            </tr>\n                            <tr>\n                                <td><input type=\"checkbox\" id=\"tarife-zamlanmayan\" name=\"tarife-zamlanmayan\" value=\"tarife-zamlanmayan\"/><label for=\"tarife-zamlanmayan\"><span></span></label></td>\n                                <td>04.08.2014</td>\n                                <td>04.09.2014</td>\n                                <td>27.98 TL</td>\n                            </tr>\n                            <tr class=\"additional-spacing\">\n                                <td colspan=4></td>\n                            </tr>\n                            <tr>\n                                <td class=\"total-caption\" colspan=3>ÖDENECEK TOPLAM TUTAR:</td>\n                                <td id=\"total-val\">00.00 TL</td>\n                            </tr>\n                        </table>\n                    </div>\n                    <div class=\"row\">\n                        <div class=\"black-header\">Kredi Kartı Bilgileri</div>\n                        <div class=\"privat-info\">\n                            \n                            <div class=\"row credit-card\">\n                                <div class=\"section-title\">Kredi Kartı Numarası:</div>\n                                <div class=\"row\">\n                                    <input type=\"text\" id=\"kredit_1\" name=\"kredit_1\" maxlength=\"4\" />\n                                    <input type=\"text\" id=\"kredit_2\" name=\"kredit_2\" maxlength=\"4\" />\n                                    <input type=\"text\" id=\"kredit_3\" name=\"kredit_3\" maxlength=\"4\" />\n                                    <input type=\"text\" id=\"kredit_4\" name=\"kredit_4\" maxlength=\"4\" />\n                                </div>\n                            </div>\n                            <div class=\"row\">\n                                <div class=\"section-title mbot0\">Son Kullanma Tarihi</div>\n                                <div class=\"row\">\n                                    <div class=\"col2 right-indent\">\n                                        <label class=\"field-caption\" for=\"gun\">Gün:</label><br />\n                                        <select style=\"width:100px\" id=\"gun\" name=\"gun\" class=\"select\">\n                                           <option value=\"1\">01</option>\n                                           <option value=\"2\">02</option>\n                                           <option value=\"3\">03</option>\n                                           <option value=\"4\">04</option>\n                                           <option value=\"5\">05</option>\n                                           <option value=\"6\">06</option>\n                                           <option value=\"7\">07</option>\n                                           <option value=\"8\">08</option>\n                                           <option value=\"9\">09</option>\n                                           <option value=\"10\">10</option>\n                                           <option value=\"11\">11</option>\n                                           <option value=\"12\">12</option>\n                                        </select>\n                                    </div>\n                                    <div class=\"col2 left-indent\">\n                                        <label class=\"field-caption\" for=\"ay\">Ay:</label><br />\n                                        <select style=\"width:130px\" id=\"ay\" name=\"ay\" class=\"select\">\n                                           <option value=\"22\">2022</option>\n                                           <option value=\"21\">2021</option>\n                                           <option value=\"20\">2020</option>\n                                           <option value=\"19\">2019</option>\n                                           <option value=\"18\">2018</option>\n                                           <option value=\"17\">2017</option>\n                                           <option value=\"16\">2016</option>\n                                           <option value=\"15\">2015</option>\n                                           <option value=\"14\">2014</option>\n                                        </select>\n                                    </div>\n                                </div>\n                            </div>\n                            <div class=\"row code\">\n                                <div class=\"section-title\">Güvenlik Kodu (CVC2):</div>\n                                <div class=\"row\">\n                                    <input type=\"text\" id=\"code_1\" name=\"code_1\" maxlength=\"1\">\n                                    <input type=\"text\" id=\"code_2\" name=\"code_2\" maxlength=\"1\">\n                                    <input type=\"text\" id=\"code_3\" name=\"code_3\" maxlength=\"1\">\n                                </div>\n                            </div>\n                            <div class=\"row mtop35\">\n                                <input type=\"submit\" class=\"btn-green\" value=\"ONAYLIYORUM\" id=\"hemenOde\">\n                            </div>\n                        </div>\n                    </div>\n                </div>\n            </section>', '1', '0', '1', '0000-00-00 00:00:00', '2014-08-04 23:49:38'), ('4', '4', 'Bireysel Online İşlem Merkezi', 'Bireysel Online İşlem Merkezi Body', '1', '0', '1', '0000-00-00 00:00:00', '2014-08-04 16:12:26'), ('5', '5', 'Kurumsal Hemen Başvur', 'Kurumsal Hemen Başvur Body', '2', '0', '1', '0000-00-00 00:00:00', '2014-08-04 16:12:32'), ('6', '6', 'Kurumsal Hemen Ödeme', ' <section class=\"container clearfix main-page not-white odeme-yap\">\n                <ul id=\"navbar\" class=\"forced-left\">\n                    <nav>\n                        <div><input type=\"submit\" class=\"btn-green\" value=\"HIDE MENU\"></div>\n                        <a href=\"islemler2.html\"><span>HESAP ÖZETİ</span></a>\n                        <a class=\"active\" href=\"odeme-yap.html\"><span>ÖDEME YAP</span></a>\n                        <a href=\"faturalar.html\"><span>FATURALAR</span></a>\n                        <a href=\"bana-ozel.html\"><span>BANA ÖZEL KAMPANYALAR</span></a>\n                        <a href=\"bilgilerim.html\"><span>BİLGİLERİM</span></a>\n                        <div></div>\n                    </nav>\n                </ul>\n                <div class=\"main-content\">\n                    <div class=\"content-wrapper\">\n                        <input type=\"submit\" class=\"btn-green show-menu-btn\" value=\"MENU\">\n                        <h2>Fatura Ödeme</h2>\n                        <div class=\"bottom-line\"></div>\n                        <div class=\"row\">\n                            <div class=\"content-title\"><strong>Kemalettin Kahramanoğlu</strong> adına ödenecek faturalar<br /> aşağıda listelenmiştir.</div>\n                        </div>\n                        <div class=\"row mbot10\">\n                            <table class=\"select-table\">\n                                <tr>\n                                    <th width=\"62px\">\n                                        <input type=\"checkbox\" id=\"check-all\" name=\"check-all\"/><label for=\"check-all\"><span></span></label>\n                                    </th>\n                                    <th>Fatura Dönemi</th>\n                                    <th>Son Ödeme Tarihi</th>\n                                    <th>Fatura Tutarı</th>\n                                </tr>\n                                <tr>\n                                    <td><input type=\"checkbox\" id=\"check-1\" name=\"check-1\"/><label for=\"check-1\"><span></span></label></td>\n                                    <td>04.07.2014</td>\n                                    <td>04.08.2014</td>\n                                    <td>36.45 TL</td>\n                                </tr>\n                                <tr>\n                                    <td><input type=\"checkbox\" id=\"tarife-zamlanmayan\" name=\"tarife-zamlanmayan\" value=\"tarife-zamlanmayan\"/><label for=\"tarife-zamlanmayan\"><span></span></label></td>\n                                    <td>04.08.2014</td>\n                                    <td>04.09.2014</td>\n                                    <td>27.98 TL</td>\n                                </tr>\n                                <tr class=\"additional-spacing\">\n                                    <td colspan=4></td>\n                                </tr>\n                                <tr>\n                                    <td class=\"total-caption\" colspan=3>ÖDENECEK TOPLAM TUTAR:</td>\n                                    <td id=\"total-val\">00.00 TL</td>\n                                </tr>\n                            </table>\n                        </div>\n                        <div class=\"row\">\n                            <div class=\"black-header\">Kredi Kartı Bilgileri</div>\n                            <div class=\"privat-info\">\n                                \n                                <div class=\"row credit-card\">\n                                    <div class=\"section-title\">Kredi Kartı Numarası:</div>\n                                    <div class=\"row\">\n                                        <input type=\"text\" id=\"kredit_1\" name=\"kredit_1\" maxlength=\"4\" />\n                                        <input type=\"text\" id=\"kredit_2\" name=\"kredit_2\" maxlength=\"4\" />\n                                        <input type=\"text\" id=\"kredit_3\" name=\"kredit_3\" maxlength=\"4\" />\n                                        <input type=\"text\" id=\"kredit_4\" name=\"kredit_4\" maxlength=\"4\" />\n                                    </div>\n                                </div>\n                                <div class=\"row\">\n                                    <div class=\"section-title mbot0\">Son Kullanma Tarihi</div>\n                                    <div class=\"row\">\n                                        <div class=\"col2 right-indent\">\n                                            <label class=\"field-caption\" for=\"gun\">Gün:</label>\n                                            <select style=\"width:100px\" id=\"gun\" name=\"gun\" class=\"select\">\n                                               <option value=\"1\">01</option>\n                                               <option value=\"2\">02</option>\n                                               <option value=\"3\">03</option>\n                                               <option value=\"4\">04</option>\n                                               <option value=\"5\">05</option>\n                                               <option value=\"6\">06</option>\n                                               <option value=\"7\">07</option>\n                                               <option value=\"8\">08</option>\n                                               <option value=\"9\">09</option>\n                                               <option value=\"10\">10</option>\n                                               <option value=\"11\">11</option>\n                                               <option value=\"12\">12</option>\n                                            </select>\n                                        </div><div class=\"col2 left-indent\">\n                                            <label class=\"field-caption\" for=\"ay\">Ay:</label>\n                                            <select style=\"width:130px\" id=\"ay\" name=\"ay\" class=\"select\">\n                                               <option value=\"2022\">2022</option>\n                                               <option value=\"2021\">2021</option>\n                                               <option value=\"2020\">2020</option>\n                                               <option value=\"2019\">2019</option>\n                                               <option value=\"2018\">2018</option>\n                                               <option value=\"2017\">2017</option>\n                                               <option value=\"2016\">2016</option>\n                                               <option value=\"2015\">2015</option>\n                                               <option value=\"2014\">2014</option>\n                                            </select>\n                                        </div>\n                                    </div>\n                                </div>\n                                <div class=\"row code\">\n                                    <div class=\"section-title\">Güvenlik Kodu (CVC2):</div>\n                                    <div class=\"row\">\n                                        <input type=\"text\" id=\"code_1\" name=\"code_1\" maxlength=\"1\">\n                                        <input type=\"text\" id=\"code_2\" name=\"code_2\" maxlength=\"1\">\n                                        <input type=\"text\" id=\"code_3\" name=\"code_3\" maxlength=\"1\">\n                                    </div>\n                                </div>\n                                <div class=\"row mtop35\">\n                                    <input type=\"submit\" class=\"btn-green\" value=\"ONAYLIYORUM\">\n                                </div>\n                            </div>\n                        </div>\n                    </div>\n                </div>\n            </section>', '2', '0', '1', '0000-00-00 00:00:00', '2014-08-04 19:41:02'), ('7', '7', 'Kurumsal Online İşlem Merkezi', 'Kurumsal Online İşlem Merkezi Body', '2', '0', '1', '0000-00-00 00:00:00', '2014-08-04 16:12:48'), ('8', '8', 'Bireysel Keşfet', '<section class=\"container clearfix\">\n            <div class=\"lazy\">\n                <img class=\"left \" src=\"/media/cms/ico-eco-e.png\" alt=\"\">\n                <div class=\"right-description\">\n                    <h2>Ekonomik<br>\n                    Elektrik Nedir?</h2>\n                    <hr class=\"green\">\n\n                    <p>2003 yılında yayınlanan \"Serbest Tüketici Yönetmeliği\" ile yıllık\n                    belirli bir mik”tarın üzerinde 4.500 kwh/s (133 TL.) tüketim yapan\n                    elektrik abonelerine, yıllık tedarikçisini seçme özgürlüğü tanındı. </p>\n\n                    <p>Buradan hareketle Dinamo sizlere sürekli, ekonomik, dinamik,\n                    yaşam tarzınıza ve ihtiyacınıza uygun elektriği sağlıyor.</p>\n                </div>\n            </div>\n\n            <div class=\"lazy green\">\n                <div class=\"text tac\">\n                    <img src=\"/media/cms/ico-serbest.png\" alt=\"\">\n                    <h2>Serbest Tüketici Kimdir?</h2>\n                    <hr class=\"green center\">\n                    <p>Enerji Piyasası Düzenleme Kurulu (EPDK) tarafından 2014 yılında belirlenen 4.500 kWh/yıl* üzerinde tüketim yapan tüm tüketiciler serbest tüketici olarak adlandırılır. Bu da aylık ortalama 133 TL’lik elektrik tüketimi anlamına gelmektedir. Ancak burada önemli olan aylık faturanın tutarı değil son 12 aylık toplam tüketimin ortalamasıdır. </p>\n                    <br clear=\"all\">\n                    <br clear=\"all\">\n                    <div class=\"notes\">* Bu hesaplama, mesken abonesi için her türlü vergi, fon ve paylar dahil olmak üzere kilovatsaate 35,44 kuruş baz alınarak yapılmıştır.</div>\n                </div>\n            </div>\n            <div class=\"lazy clearfix pb0\">\n                <img class=\"left mb0\" src=\"/media/cms/ico-hand.png\" alt=\"\">\n                <div class=\"right-description\">\n                    <h2>Ne Kadar<br> Kâr Edeceğim?</h2>\n                    <hr class=\"green\">\n                    <p>Dinamo’nun tüketicilerin yaşam tarzlarına uygun olarak\n                    hazırladığı avantajlı  tarifelerden kendinize en uygun olanı\n                    seçin, mevcut elektrik tüketim bilgilerinizi girin ve ne kadar\n                    kazanacağınızı görün!</p>\n                    <a href=\"#\">  Dinamo etkisini hesapla!</a>\n                </div>\n            </div>\n\n            <div class=\"lazy lazy-bg1\">\n                <h2>Elektriğim<br> Kesilir mi?</h2>\n                <hr class=\"green\">\n                <h1><i>Hayır,</i></h1>\n                <p>Dinamo’ya geçişiniz esnasında hiçbir altyapı değişikliği gerektirmeden<br>\n                veya kesinti yaşamadan ekonomik elektriğinizi<br>\n                kullanmaya başlayabilirsiniz.</p>\n            </div>\n            <div class=\"lazy lazy-bg2 tac\">\n                <h2>Nasıl Katılırım?</h2>\n                <hr class=\"green center\">\n                <p>Dinamo’ya geçiş için serbest tüketici olmanız ve başka bir tedarikçi ile sözleşmenizin olmaması yeterli.<br>Başvuru formunu doldurumanız yeterli. Ondan sonrasını biz sizin için hallediyoruz.</p>\n            </div>\n            <div class=\"row\">\n                <a href=\"/cms/bireysel-hemen-basvur\" class=\"btn-green-bottom\">HEMEN BAŞVURUN</a>\n            </div>\n\n            </section>', '1', '0', '1', '0000-00-00 00:00:00', '2014-08-04 17:48:19'), ('9', '9', 'Bireysel Tarifeler', '            <div class=\"container clearfix main-page\">\n                <section class=\"content-section ignore-strict-width\">\n                    <form action=\"\" class=\"bb-form clearfix\">\n\n                        <h2>Dinamo Tarifeleri</h2>\n                        <div class=\"bottom-line\"></div>\n                        <div class=\"compare-box green\">\n                            <h3><b>Tarife</b><br> Sihirbazı</h3>\n                            <p>Abone numaranızı girin ve kullanım değerlerinize göre size en uygun faturayı birlikte oluşturalım. </p>\n                            <p>Lorem ipsum dolor sit amet, consectetur adipisicing elit. Optio id omnis dolor enim ad ab eum est itaque libero nostrum, incidunt similique accusamus modi, perspiciatis, mollitia sunt reprehenderit ea voluptas aut fugit?</p>\n                            <a id=\"modal\" class=\"btn-black left\" href=\"#open-modal1\">Tarife Oluştur</a>\n\n\n                        </div>\n\n                        <div class=\"compare-box\">\n                            <div class=\"close\"><a href=\"#\">x</a></div>\n                            <h3><b>Sabit</b> Tarife</h3>\n                            <img src=\"/media/cms/tarife-sabit.jpg\" alt=\"\">\n                            <a href=\"javascript:void(0)\" class=\"btn-green schedule-details-link\" data-id=\"1\">Tarife Detayları</a>\n                            <div class=\"row\">\n                                <div class=\"left\"><input type=\"checkbox\" id=\"tarife-sabit\" name=\"tarife-sabit\" value=\"tarife-sabit\"/> <label for=\"tarife-sabit\"><span></span>Tarifeyi Seç</label></div>\n                                 <div class=\"left\"><input type=\"checkbox\" id=\"karsilastir-sabit\" name=\"karsilastir-sabit\" value=\"karsilastir-sabit\"/> <label for=\"karsilastir-sabit\"><span></span>Karşılaştır</label></div>\n                            </div>\n\n                        </div>\n                        <div class=\"schedule\">\n                            <div class=\"schedule-details\" data-id=\"1\">\n                                <ul class=\"tab-menu\">\n                                    <li class=\"col3-1\"><a href=\"javascript:void(0)\" class=\"active\">Avantajlar</a></li>\n                                    <li class=\"col3-1\"><a href=\"javascript:void(0)\">Şartlar</a></li>\n                                    <li class=\"col3-1\"><a href=\"javascript:void(0)\">Fiyatlar</a></li>\n                                </ul>\n                                <div class=\"tab-content\">\n                                    <div class=\"tab\" id=\"tab1\">\n                                        <ul>\n                                            <li>Lorem ipsum dolor sit amet.</li>\n                                            <li>Doloremque reprehenderit pariatur similique, ipsa?</li>\n                                            <li>Repellendus earum illo officia ullam!</li>\n                                            <li>Explicabo nulla, eaque odit reiciendis!</li>\n                                            <li>Dolorem iusto nemo necessitatibus laboriosam.</li>\n                                            <li>Cupiditate a doloremque facere molestias.</li>\n                                            <li>Cum iste, maiores distinctio expedita.</li>\n                                            <li>Voluptatum perspiciatis, maiores temporibus. Assumenda.</li>\n                                        </ul>\n                                        <a href=\"#\" class=\"btn-green\">HEMEN BAŞVUR</a>\n                                    </div>\n                                    <div class=\"tab\" id=\"tab2\">\n                                        <ul>\n                                            <li>Explicabo nulla, eaque odit reiciendis!</li>\n                                            <li>Dolorem iusto nemo necessitatibus laboriosam.</li>\n                                            <li>Cupiditate a doloremque facere molestias.</li>\n                                            <li>Cum iste, maiores distinctio expedita.</li>\n                                            <li>Voluptatum perspiciatis, maiores temporibus. Assumenda.</li>\n                                        </ul>\n                                        <a href=\"#\" class=\"btn-green\">HEMEN BAŞVUR</a>\n                                    </div>\n                                     <div class=\"tab\" id=\"tab3\">\n                                        <ul>\n                                            <li>Lorem ipsum dolor sit amet.</li>\n                                            <li>Doloremque reprehenderit pariatur similique, ipsa?</li>\n                                            <li>Repellendus earum illo officia ullam!</li>\n                                            <li>Cum iste, maiores distinctio expedita.</li>\n                                            <li>Voluptatum perspiciatis, maiores temporibus. Assumenda.</li>\n                                        </ul>\n                                        <a href=\"#\" class=\"btn-green\">HEMEN BAŞVUR</a>\n                                    </div>\n                                </div>\n                            </div>\n                        </div>\n\n\n                        <div class=\"compare-box\">\n                            <div class=\"close\"><a href=\"javascript:void(0)\">x</a></div>\n                            <h3><b>Zamlanmayan</b> Tarife</h3>\n                            <img src=\"/media/cms/tarife-zamlanmayan.jpg\" alt=\"\">\n                            <a href=\"javascript:void(0)\" class=\"btn-green schedule-details-link\" data-id=\"2\">Tarife Detayları</a>\n                            <div class=\"row\">\n                                <div class=\"left\"><input type=\"checkbox\" id=\"tarife-zamlanmayan\" name=\"tarife-zamlanmayan\" value=\"tarife-zamlanmayan\"/> <label for=\"tarife-zamlanmayan\"><span></span>Tarifeyi Seç</label></div>\n                                 <div class=\"left\"><input type=\"checkbox\" id=\"karsilastir-zamlanmayan\" name=\"karsilastir-zamlanmayan\" value=\"karsilastir-zamlanmayan\"/> <label for=\"karsilastir-zamlanmayan\"><span></span>Karşılaştır</label></div>\n                            </div>\n                        </div>\n\n\n                        <div class=\"compare-box\">\n                            <div class=\"close\"><a href=\"javascript:void(0)\">x</a></div>\n                            <h3><b>Unutkan</b> Tarife</h3>\n                            <img src=\"/media/cms/tarife-unutkan.jpg\" alt=\"\">\n                            <a href=\"javascript:void(0)\" class=\"btn-green schedule-details-link\" data-id=\"3\">Tarife Detayları</a>\n                            <div class=\"row\">\n                                <div class=\"left\"><input type=\"checkbox\" id=\"tarife-unutkan\" name=\"tarife-unutkan\" value=\"tarife-unutkan\"/> <label for=\"tarife-unutkan\"><span></span>Tarifeyi Seç</label></div>\n                                 <div class=\"left\"><input type=\"checkbox\" id=\"karsilastir-unutkan\" name=\"karsilastir-unutkan\" value=\"karsilastir-unutkan\"/> <label for=\"karsilastir-unutkan\"><span></span>Karşılaştır</label></div>\n                            </div>\n                        </div>\n\n                       <div class=\"schedule\">\n                            <div class=\"schedule-details\" data-id=\"2\">\n                                <ul class=\"tab-menu\">\n                                    <li class=\"col3-1\"><a href=\"javascript:void(0)\" class=\"active\">Avantajlar</a></li>\n                                    <li class=\"col3-1\"><a href=\"javascript:void(0)\">Şartlar</a></li>\n                                    <li class=\"col3-1\"><a href=\"javascript:void(0)\">Fiyatlar</a></li>\n                                </ul>\n                                <div class=\"tab-content\">\n                                    <div class=\"tab\" id=\"tab1\">\n                                        <ul>\n                                            <li>Lorem ipsum dolor sit amet.</li>\n                                            <li>Doloremque reprehenderit pariatur similique, ipsa?</li>\n                                            <li>Repellendus earum illo officia ullam!</li>\n                                            <li>Explicabo nulla, eaque odit reiciendis!</li>\n                                            <li>Dolorem iusto nemo necessitatibus laboriosam.</li>\n                                            <li>Cupiditate a doloremque facere molestias.</li>\n                                            <li>Cum iste, maiores distinctio expedita.</li>\n                                            <li>Voluptatum perspiciatis, maiores temporibus. Assumenda.</li>\n                                        </ul>\n                                        <a href=\"#\" class=\"btn-green\">HEMEN BAŞVUR</a>\n                                    </div>\n                                    <div class=\"tab\" id=\"tab2\">\n                                        <ul>\n                                            <li>Explicabo nulla, eaque odit reiciendis!</li>\n                                            <li>Dolorem iusto nemo necessitatibus laboriosam.</li>\n                                            <li>Cupiditate a doloremque facere molestias.</li>\n                                            <li>Cum iste, maiores distinctio expedita.</li>\n                                            <li>Voluptatum perspiciatis, maiores temporibus. Assumenda.</li>\n                                        </ul>\n                                        <a href=\"#\" class=\"btn-green\">HEMEN BAŞVUR</a>\n                                    </div>\n                                     <div class=\"tab\" id=\"tab3\">\n                                        <ul>\n                                            <li>Lorem ipsum dolor sit amet.</li>\n                                            <li>Doloremque reprehenderit pariatur similique, ipsa?</li>\n                                            <li>Repellendus earum illo officia ullam!</li>\n                                            <li>Cum iste, maiores distinctio expedita.</li>\n                                            <li>Voluptatum perspiciatis, maiores temporibus. Assumenda.</li>\n                                        </ul>\n                                        <a href=\"#\" class=\"btn-green\">HEMEN BAŞVUR</a>\n                                    </div>\n                                </div>\n                            </div>\n                        </div>\n\n                        <div class=\"schedule\">\n                            <div class=\"schedule-details\" data-id=\"3\">\n                                <ul class=\"tab-menu\">\n                                    <li class=\"col3-1\"><a href=\"javascript:void(0)\" class=\"active\">Avantajlar</a></li>\n                                    <li class=\"col3-1\"><a href=\"javascript:void(0)\">Şartlar</a></li>\n                                    <li class=\"col3-1\"><a href=\"javascript:void(0)\">Fiyatlar</a></li>\n                                </ul>\n                                <div class=\"tab-content\">\n                                    <div class=\"tab\" id=\"tab1\">\n                                        <ul>\n                                            <li>Lorem ipsum dolor sit amet.</li>\n                                            <li>Doloremque reprehenderit pariatur similique, ipsa?</li>\n                                            <li>Repellendus earum illo officia ullam!</li>\n                                            <li>Explicabo nulla, eaque odit reiciendis!</li>\n                                            <li>Dolorem iusto nemo necessitatibus laboriosam.</li>\n                                            <li>Cupiditate a doloremque facere molestias.</li>\n                                            <li>Cum iste, maiores distinctio expedita.</li>\n                                            <li>Voluptatum perspiciatis, maiores temporibus. Assumenda.</li>\n                                        </ul>\n                                        <a href=\"#\" class=\"btn-green\">HEMEN BAŞVUR</a>\n                                    </div>\n                                    <div class=\"tab\" id=\"tab2\">\n                                        <ul>\n                                            <li>Explicabo nulla, eaque odit reiciendis!</li>\n                                            <li>Dolorem iusto nemo necessitatibus laboriosam.</li>\n                                            <li>Cupiditate a doloremque facere molestias.</li>\n                                            <li>Cum iste, maiores distinctio expedita.</li>\n                                            <li>Voluptatum perspiciatis, maiores temporibus. Assumenda.</li>\n                                        </ul>\n                                        <a href=\"#\" class=\"btn-green\">HEMEN BAŞVUR</a>\n                                    </div>\n                                     <div class=\"tab\" id=\"tab3\">\n                                        <ul>\n                                            <li>Lorem ipsum dolor sit amet.</li>\n                                            <li>Doloremque reprehenderit pariatur similique, ipsa?</li>\n                                            <li>Repellendus earum illo officia ullam!</li>\n                                            <li>Cum iste, maiores distinctio expedita.</li>\n                                            <li>Voluptatum perspiciatis, maiores temporibus. Assumenda.</li>\n                                        </ul>\n                                        <a href=\"#\" class=\"btn-green\">HEMEN BAŞVUR</a>\n                                    </div>\n                                </div>\n                            </div>\n                        </div>\n\n                        <div class=\"compare-box\">\n                            <div class=\"close\"><a href=\"javascript:void(0)\">x</a></div>\n                            <h3><b>Sabahlayan</b> Tarife</h3>\n                            <img src=\"/media/cms/tarife-sabahlayan.jpg\" alt=\"\">\n                            <a href=\"javascript:void(0)\" class=\"btn-green schedule-details-link\" data-id=\"4\">Tarife Detayları</a>\n                            <div class=\"row\">\n                                <div class=\"left\"><input type=\"checkbox\" id=\"tarife-sabahlayan\" name=\"tarife-sabahlayan\" value=\"tarife-sabahlayan\"/> <label for=\"tarife-sabahlayan\"><span></span>Tarifeyi Seç</label></div>\n                                 <div class=\"left\"><input type=\"checkbox\" id=\"karsilastir-sabahlayan\" name=\"karsilastir-sabahlayan\" value=\"karsilastir-sabahlayan\"/> <label for=\"karsilastir-sabahlayan\"><span></span>Karşılaştır</label></div>\n                            </div>\n                        </div>\n\n\n                        <div class=\"compare-box\">\n                            <div class=\"close\"><a href=\"javascript:void(0)\">x</a></div>\n                            <h3><b>Geniş Çevre</b> Tarife</h3>\n                            <img src=\"/media/cms/tarife-genis-cevre.jpg\" alt=\"\">\n                            <a href=\"javascript:void(0)\" class=\"btn-green schedule-details-link\" data-id=\"5\">Tarife Detayları</a>\n                            <div class=\"row\">\n                                <div class=\"left\"><input type=\"checkbox\" id=\"tarife-genis-cevre\" name=\"tarife-genis-cevre\" value=\"tarife-genis-cevre\"/> <label for=\"tarife-genis-cevre\"><span></span>Tarifeyi Seç</label></div>\n                                 <div class=\"left\"><input type=\"checkbox\" id=\"karsilastir-genis-cevre\" name=\"karsilastir-genis-cevre\" value=\"karsilastir-genis-cevre\"/> <label for=\"karsilastir-genis-cevre\"><span></span>Karşılaştır</label></div>\n                            </div>\n                        </div>\n\n                         <div class=\"schedule\">\n                            <div class=\"schedule-details\" data-id=\"4\">\n                                <ul class=\"tab-menu\">\n                                    <li class=\"col3-1\"><a href=\"javascript:void(0)\" class=\"active\">Avantajlar</a></li>\n                                    <li class=\"col3-1\"><a href=\"javascript:void(0)\">Şartlar</a></li>\n                                    <li class=\"col3-1\"><a href=\"javascript:void(0)\">Fiyatlar</a></li>\n                                </ul>\n                                <div class=\"tab-content\">\n                                    <div class=\"tab\" id=\"tab1\">\n                                        <ul>\n                                            <li>Lorem ipsum dolor sit amet.</li>\n                                            <li>Doloremque reprehenderit pariatur similique, ipsa?</li>\n                                            <li>Repellendus earum illo officia ullam!</li>\n                                            <li>Explicabo nulla, eaque odit reiciendis!</li>\n                                            <li>Dolorem iusto nemo necessitatibus laboriosam.</li>\n                                            <li>Cupiditate a doloremque facere molestias.</li>\n                                            <li>Cum iste, maiores distinctio expedita.</li>\n                                            <li>Voluptatum perspiciatis, maiores temporibus. Assumenda.</li>\n                                        </ul>\n                                        <a href=\"#\" class=\"btn-green\">HEMEN BAŞVUR</a>\n                                    </div>\n                                    <div class=\"tab\" id=\"tab2\">\n                                        <ul>\n                                            <li>Explicabo nulla, eaque odit reiciendis!</li>\n                                            <li>Dolorem iusto nemo necessitatibus laboriosam.</li>\n                                            <li>Cupiditate a doloremque facere molestias.</li>\n                                            <li>Cum iste, maiores distinctio expedita.</li>\n                                            <li>Voluptatum perspiciatis, maiores temporibus. Assumenda.</li>\n                                        </ul>\n                                        <a href=\"#\" class=\"btn-green\">HEMEN BAŞVUR</a>\n                                    </div>\n                                     <div class=\"tab\" id=\"tab3\">\n                                        <ul>\n                                            <li>Lorem ipsum dolor sit amet.</li>\n                                            <li>Doloremque reprehenderit pariatur similique, ipsa?</li>\n                                            <li>Repellendus earum illo officia ullam!</li>\n                                            <li>Cum iste, maiores distinctio expedita.</li>\n                                            <li>Voluptatum perspiciatis, maiores temporibus. Assumenda.</li>\n                                        </ul>\n                                        <a href=\"#\" class=\"btn-green\">HEMEN BAŞVUR</a>\n                                    </div>\n                                </div>\n                            </div>\n                        </div>\n\n                        <div class=\"schedule\">\n                            <div class=\"schedule-details\" data-id=\"5\">\n                                <ul class=\"tab-menu\">\n                                    <li class=\"col3-1\"><a href=\"javascript:void(0)\" class=\"active\">Avantajlar</a></li>\n                                    <li class=\"col3-1\"><a href=\"javascript:void(0)\">Şartlar</a></li>\n                                    <li class=\"col3-1\"><a href=\"javascript:void(0)\">Fiyatlar</a></li>\n                                </ul>\n                                <div class=\"tab-content\">\n                                    <div class=\"tab\" id=\"tab1\">\n                                        <ul>\n                                            <li>Lorem ipsum dolor sit amet.</li>\n                                            <li>Doloremque reprehenderit pariatur similique, ipsa?</li>\n                                            <li>Repellendus earum illo officia ullam!</li>\n                                            <li>Explicabo nulla, eaque odit reiciendis!</li>\n                                            <li>Dolorem iusto nemo necessitatibus laboriosam.</li>\n                                            <li>Cupiditate a doloremque facere molestias.</li>\n                                            <li>Cum iste, maiores distinctio expedita.</li>\n                                            <li>Voluptatum perspiciatis, maiores temporibus. Assumenda.</li>\n                                        </ul>\n                                        <a href=\"#\" class=\"btn-green\">HEMEN BAŞVUR</a>\n                                    </div>\n                                    <div class=\"tab\" id=\"tab2\">\n                                        <ul>\n                                            <li>Explicabo nulla, eaque odit reiciendis!</li>\n                                            <li>Dolorem iusto nemo necessitatibus laboriosam.</li>\n                                            <li>Cupiditate a doloremque facere molestias.</li>\n                                            <li>Cum iste, maiores distinctio expedita.</li>\n                                            <li>Voluptatum perspiciatis, maiores temporibus. Assumenda.</li>\n                                        </ul>\n                                        <a href=\"#\" class=\"btn-green\">HEMEN BAŞVUR</a>\n                                    </div>\n                                     <div class=\"tab\" id=\"tab3\">\n                                        <ul>\n                                            <li>Lorem ipsum dolor sit amet.</li>\n                                            <li>Doloremque reprehenderit pariatur similique, ipsa?</li>\n                                            <li>Repellendus earum illo officia ullam!</li>\n                                            <li>Cum iste, maiores distinctio expedita.</li>\n                                            <li>Voluptatum perspiciatis, maiores temporibus. Assumenda.</li>\n                                        </ul>\n                                        <a href=\"#\" class=\"btn-green\">HEMEN BAŞVUR</a>\n                                    </div>\n                                </div>\n                            </div>\n                        </div>\n\n                        <div class=\"compare-box\">\n                            <div class=\"close\"><a href=\"javascript:void(0)\">x</a></div>\n                            <h3><b>Balayı</b> Tarife</h3>\n                            <img src=\"/media/cms/tarife-balayi.jpg\" alt=\"\">\n                            <a href=\"javascript:void(0)\" class=\"btn-green schedule-details-link\" data-id=\"6\">Tarife Detayları</a>\n                            <div class=\"row\">\n                                <div class=\"left\"><input type=\"checkbox\" id=\"tarife-balayi\" name=\"tarife-balayi\" value=\"tarife-balayi\"/> <label for=\"tarife-balayi\"><span></span>Tarifeyi Seç</label></div>\n                                 <div class=\"left\"><input type=\"checkbox\" id=\"karsilastir-balayi\" name=\"karsilastir-balayi\" value=\"karsilastir-balayi\"/> <label for=\"karsilastir-balayi\"><span></span>Karşılaştır</label></div>\n                            </div>\n                        </div>\n                        \n                        <div class=\"schedule\">\n                            <div class=\"schedule-details\" data-id=\"6\">\n                                <ul class=\"tab-menu\">\n                                    <li class=\"col3-1\"><a href=\"javascript:void(0)\" class=\"active\">Avantajlar</a></li>\n                                    <li class=\"col3-1\"><a href=\"javascript:void(0)\">Şartlar</a></li>\n                                    <li class=\"col3-1\"><a href=\"javascript:void(0)\">Fiyatlar</a></li>\n                                </ul>\n                                <div class=\"tab-content\">\n                                    <div class=\"tab\" id=\"tab1\">\n                                        <ul>\n                                            <li>Lorem ipsum dolor sit amet.</li>\n                                            <li>Doloremque reprehenderit pariatur similique, ipsa?</li>\n                                            <li>Repellendus earum illo officia ullam!</li>\n                                            <li>Explicabo nulla, eaque odit reiciendis!</li>\n                                            <li>Dolorem iusto nemo necessitatibus laboriosam.</li>\n                                            <li>Cupiditate a doloremque facere molestias.</li>\n                                            <li>Cum iste, maiores distinctio expedita.</li>\n                                            <li>Voluptatum perspiciatis, maiores temporibus. Assumenda.</li>\n                                        </ul>\n                                        <a href=\"#\" class=\"btn-green\">HEMEN BAŞVUR</a>\n                                    </div>\n                                    <div class=\"tab\" id=\"tab2\">\n                                        <ul>\n                                            <li>Explicabo nulla, eaque odit reiciendis!</li>\n                                            <li>Dolorem iusto nemo necessitatibus laboriosam.</li>\n                                            <li>Cupiditate a doloremque facere molestias.</li>\n                                            <li>Cum iste, maiores distinctio expedita.</li>\n                                            <li>Voluptatum perspiciatis, maiores temporibus. Assumenda.</li>\n                                        </ul>\n                                        <a href=\"#\" class=\"btn-green\">HEMEN BAŞVUR</a>\n                                    </div>\n                                     <div class=\"tab\" id=\"tab3\">\n                                        <ul>\n                                            <li>Lorem ipsum dolor sit amet.</li>\n                                            <li>Doloremque reprehenderit pariatur similique, ipsa?</li>\n                                            <li>Repellendus earum illo officia ullam!</li>\n                                            <li>Cum iste, maiores distinctio expedita.</li>\n                                            <li>Voluptatum perspiciatis, maiores temporibus. Assumenda.</li>\n                                        </ul>\n                                        <a href=\"#\" class=\"btn-green\">HEMEN BAŞVUR</a>\n                                    </div>\n                                </div>\n                            </div>\n                        </div>\n\n                        <br clear=\"all\">\n\n                    </form>\n\n                </section>\n            </div>\n\n            <!-- tarife sihirbazi-->\n                        <div id=\"open-modal1\" class=\"hide modal\">\n                <div class=\"title\">\n                    <h2>Tarife Sihirbazı</h2>\n                    <a class=\"modal_close\" href=\"#\"></a>\n                </div>\n                <div class=\"question-content clearfix\" data-id=\"1\">\n                    <div class=\"question\">Evde olduğunuz saat aralıkları hangisi?</div>\n\n                    <div class=\"row answers\">\n                        <div class=\"left\"><input class=\"like-checkbox\" type=\"radio\" id=\"time1\" name=\"time\" value=\"time1\"/> <label for=\"time1\"><span></span>08:00 - 17:00</label></div>\n                        <div class=\"left\"><input class=\"like-checkbox\" type=\"radio\" id=\"time2\" name=\"time\" value=\"time2\"/> <label for=\"time2\"><span></span>17:00 - 22:00</label></div>\n                    </div>\n                    <div class=\"row answers\">\n                        <div class=\"left\"><input class=\"like-checkbox\" type=\"radio\" id=\"time3\" name=\"time\" value=\"time3\"/> <label for=\"time3\"><span></span>00:00 - 08:00</label></div>\n                        <div class=\"left\"><input class=\"like-checkbox\" type=\"radio\" id=\"time4\" name=\"time\" value=\"time4\"/> <label for=\"time4\"><span></span>22:00 - 01:00</label></div>\n                    </div>\n                    <br clear=\"all\">\n                    <br clear=\"all\">\n                    <br clear=\"all\">\n                    <a href=\"#\" class=\"btn-green next-question\"  data-id=\"2\">Devam Et</a>\n                </div>\n                <div class=\"question-content clearfix\" data-id=\"2\" style=\"display:none\">\n                    <div class=\"question\">Ne iş yapıyorsunuz?</div>\n\n                    <div class=\"row answers\">\n                        <div class=\"left\"><input class=\"like-checkbox\" type=\"radio\" id=\"job1\" name=\"job\" value=\"job1\"/> <label for=\"job1\"><span></span>Öğrenciyim</label></div>\n                        <div class=\"left\"><input class=\"like-checkbox\" type=\"radio\" id=\"job2\" name=\"job\" value=\"job2\"/> <label for=\"job2\"><span></span>Memurum</label></div>\n                    </div>\n                    <div class=\"row answers\">\n                        <div class=\"left\"><input class=\"like-checkbox\" type=\"radio\" id=\"job3\" name=\"job\" value=\"job3\"/> <label for=\"job3\"><span></span>Doktorum</label></div>\n                        <div class=\"left\"><input class=\"like-checkbox\" type=\"radio\" id=\"job4\" name=\"job\" value=\"job4\"/> <label for=\"job4\"><span></span>Diğer...</label></div>\n                    </div>\n                    <br clear=\"all\">\n                    <br clear=\"all\">\n                    <br clear=\"all\">\n                    <a href=\"#\" class=\"btn-green next-question\"  data-id=\"3\">Devam Et</a>\n                </div>\n                <div class=\"question-content clearfix\" data-id=\"3\" style=\"display:none\">\n                    <div class=\"question\">Evinizde en çok kullandığınız elektrikli ev aleti hangisi?</div>\n\n                    <div class=\"row answers\">\n                        <div class=\"left\"><input class=\"like-checkbox\" type=\"radio\" id=\"mostly1\" name=\"mostly\" value=\"mostly1\"/> <label for=\"mostly1\"><span></span>Oyun Konsolu</label></div>\n                        <div class=\"left\"><input class=\"like-checkbox\" type=\"radio\" id=\"mostly2\" name=\"mostly\" value=\"mostly2\"/> <label for=\"mostly2\"><span></span>Su Isıtıcı</label></div>\n                    </div>\n                    <div class=\"row answers\">\n                        <div class=\"left\"><input class=\"like-checkbox\" type=\"radio\" id=\"mostly3\" name=\"mostly\" value=\"mostly3\"/> <label for=\"mostly3\"><span></span>Ütü</label></div>\n                        <div class=\"left\"><input class=\"like-checkbox\" type=\"radio\" id=\"mostly4\" name=\"mostly\" value=\"mostly4\"/> <label for=\"mostly4\"><span></span>Çamaşır Makinası</label></div>\n                    </div>\n                    <br clear=\"all\">\n                    <br clear=\"all\">\n                    <br clear=\"all\">\n                    <a href=\"#\" class=\"btn-green next-question\"  data-id=\"4\">Devam Et</a>\n                </div>\n                <div class=\"question-content nano\" data-id=\"4\" style=\"display:none\">\n                    <div class=\"nano-content\">\n                        <div class=\"left col-2-1\">\n                            <h3 class=\"green\"><b>İşte size en uygun tarife!</b></h3>\n                            <p>Lorem Ipsum is simply dummy text of the printing and typesetting industry. </p>\n\n                            <p>Lorem Ipsum has been the industry\'s standard dummy text ever since the 1500s, when an unknown printer took a galley of type and scrambled it to make a type specimen book. </p>\n                        </div>\n                        <div>\n                           <div class=\"compare-box\">\n                                <div class=\"close\"><a href=\"javascript:void(0)\">x</a></div>\n                                <h3><b>Sabahlayan</b> Tarife</h3>\n                                <img src=\"/media/cms/tarife-sabahlayan.jpg\" alt=\"\">\n                                <a href=\"javascript:void(0)\" class=\"btn-green schedule-details-link\" data-id=\"4\">Tarife Detayları</a>\n                            </div>\n                            <div class=\"schedule\">\n                                <div class=\"schedule-details\" data-id=\"4\">\n                                    <ul class=\"tab-menu\">\n                                        <li class=\"col3-1\"><a href=\"javascript:void(0)\" class=\"active\">Avantajlar</a></li>\n                                        <li class=\"col3-1\"><a href=\"javascript:void(0)\">Şartlar</a></li>\n                                        <li class=\"col3-1\"><a href=\"javascript:void(0)\">Fiyatlar</a></li>\n                                    </ul>\n                                    <div class=\"tab-content\">\n                                        <div class=\"tab\" id=\"tab8\">\n                                            <ul>\n                                                <li>Lorem ipsum dolor sit amet.</li>\n                                                <li>Doloremque reprehenderit pariatur similique, ipsa?</li>\n                                                <li>Repellendus earum illo officia ullam!</li>\n                                                <li>Explicabo nulla, eaque odit reiciendis!</li>\n                                                <li>Dolorem iusto nemo necessitatibus laboriosam.</li>\n                                                <li>Cupiditate a doloremque facere molestias.</li>\n                                                <li>Cum iste, maiores distinctio expedita.</li>\n                                                <li>Voluptatum perspiciatis, maiores temporibus. Assumenda.</li>\n                                            </ul>\n                                            <a href=\"#\" class=\"btn-green\">HEMEN BAŞVUR</a>\n                                        </div>\n                                        <div class=\"tab\" id=\"tab8\">\n                                            <ul>\n                                                <li>Dolorem iusto nemo necessitatibus laboriosam.</li>\n                                                <li>Cupiditate a doloremque facere molestias.</li>\n                                                <li>Cum iste, maiores distinctio expedita.</li>\n                                                <li>Voluptatum perspiciatis, maiores temporibus. Assumenda.</li>\n                                            </ul>\n                                            <a href=\"#\" class=\"btn-green\">HEMEN BAŞVUR</a>\n                                        </div>\n                                        <div class=\"tab\" id=\"tab7\">\n                                            <ul>\n                                                <li>Lorem ipsum dolor sit amet.</li>\n                                                <li>Doloremque reprehenderit pariatur similique, ipsa?</li>\n                                                <li>Cupiditate a doloremque facere molestias.</li>\n                                                <li>Cum iste, maiores distinctio expedita.</li>\n                                                <li>Voluptatum perspiciatis, maiores temporibus. Assumenda.</li>\n                                            </ul>\n                                            <a href=\"#\" class=\"btn-green\">HEMEN BAŞVUR</a>\n                                        </div>\n                                    </div>\n\n\n                                </div>\n                            </div>\n                        </div>\n                    </div>\n\n                </div>\n            </div>\n\n        </div>\n            <!-- tarife sihirbazi bitti-->', '1', '0', '1', '0000-00-00 00:00:00', '2014-08-04 18:12:04');
INSERT INTO `contents` VALUES ('10', '10', 'Bireysel Kampanyalar', '            <div class=\"container\">\n                <div class=\"cycle-slideshow\">\n                    <button class=\"prev\" data-cycle-cmd=\"prev\">Prev</button>\n                    <div class=\"cycle-overlay\"></div>\n                    <img src=\"/media/cms/slider2.jpg\" data-cycle-title=\"Doğum Günü Kampanyası\"\n        data-cycle-desc=\"It is a long established fact that a reader will be distracted by the readable content of a page when...\">\n                    <img src=\"http://lorempixel.com/940/500/technics/1/\" data-cycle-title=\"Redwoods\"\n        data-cycle-desc=\"Muir Woods National Monument\">\n                    <img src=\"http://lorempixel.com/940/500/technics/2/\" data-cycle-title=\"Angel Island\"\n        data-cycle-desc=\"San Franscisco Bay\">\n                    <img src=\"http://lorempixel.com/940/500/technics/3/\" data-cycle-title=\"Raquette Lake\"\n        data-cycle-desc=\"Adirondack State Park\">\n                    <div class=\"cycle-pager\"></div>\n                    <button class=\"next\" data-cycle-cmd=\"next\">Next</button>\n                </div>\n                <hr>\n            </div>\n            <section class=\"container clearfix\">\n                <div class=\"campains clearfix\">\n                    <h2>Tüm Kampanyalar</h2>\n                    <hr class=\"green\">\n                    <div class=\"campain-box\">\n                        <h3><strong>E-Fatura </strong> Kampanyası</h3>\n                        <img src=\"/media/cms/dummy-campain1.jpg\" alt=\"\">\n                        <p>Dinamo Elektrik\'e e-fatura talimatı verenler hem çevrenin korunmasına katkıda bulunuyor hem de bir sonraki faturada 5 TL\'lik indirimin sahibi oluyor.</p>\n                        <a href=\"#\">Kampanya detayları için tıklayın</a>\n                    </div>\n                    <div class=\"campain-box\">\n                        <h3><strong>Sosyal Medya </strong> Kampanyası</h3>\n                        <img src=\"/media/cms/dummy-campain2.jpg\" alt=\"\">\n                        <p>Eylül ayı içerisinde aboneliğini Dinamo Elektrik\'e taşıyanlar bu müjdeli haberi sosyal medyada sevdikleriyle paylaşınca, ekstra %1 indirim kazanıyor.</p>\n                        <a href=\"#\">Kampanya detayları için tıklayın</a>\n                    </div>\n                    <div class=\"campain-box\">\n                        <h3><strong>Doğum Günü </strong> Kampanyası</h3>\n                        <img src=\"/media/cms/dummy-campain3.jpg\" alt=\"\">\n                        <p>Aboneliğini Dinamo Elektrik\'e taşıyanların doğum gününde kullandığı elektrik Dinamo Elektrik\'ten hediye</p>\n                        <a href=\"#\">Kampanya detayları için tıklayın</a>\n                    </div>\n\n                    <div class=\"campain-box\">\n                        <h3><strong>Yazlıkçı </strong> Kampanyası</h3>\n                        <img src=\"/media/cms/dummy-campain3.jpg\" alt=\"\">\n                        <p>Aboneliğini Dinamo Elektrik\'in herhangi bir tarifesine taşıyan müşterilerimizin hangi tarihte orada olacaklarını bildirdikleri takdirde yazlıklarında kullandıkları elektrik artık kesilmiyor.</p>\n                        <a href=\"#\">Kampanya detayları için tıklayın</a>\n                    </div>\n\n                    <div class=\"campain-box\">\n                        <h3><strong>Öğrenci</strong> Kampanyası</h3>\n                        <img src=\"/media/cms/dummy-campain3.jpg\" alt=\"\">\n                        <p>Dinamo Elektrik ile elektrik faturaları ile öğrencilerin arası artık çok iyi. Çünkü aboneliğini Dinamo Elektrik\'e taşıyan öğrenci dostlarımız %5 oranında indirim kazanıyor.</p>\n                        <a href=\"#\">Kampanya detayları için tıklayın</a>\n                    </div>\n\n                </div>\n\n\n            </section>', '1', '0', '1', '0000-00-00 00:00:00', '2014-08-04 18:05:07'), ('11', '11', 'Bireysel Dinamolu Olmak İstiyorum', 'Bireysel Dinamolu Olmak İstiyorum Body', '1', '0', '1', '0000-00-00 00:00:00', '2014-08-04 16:13:07'), ('12', '12', 'Kurumsal Keşfet', '<section class=\"container clearfix\">\n            <div class=\"lazy\">\n                <img class=\"left \" src=\"/media/cms/ico-eco-e.png\" alt=\"\">\n                <div class=\"right-description\">\n                    <h2>Ekonomik<br>\n                    Elektrik Nedir?</h2>\n                    <hr class=\"green\">\n\n                    <p>2003 yılında yayınlanan \"Serbest Tüketici Yönetmeliği\" ile yıllık\n                    belirli bir mik”tarın üzerinde 4.500 kwh/s (133 TL.) tüketim yapan\n                    elektrik abonelerine, yıllık tedarikçisini seçme özgürlüğü tanındı. </p>\n\n                    <p>Buradan hareketle Dinamo sizlere sürekli, ekonomik, dinamik,\n                    yaşam tarzınıza ve ihtiyacınıza uygun elektriği sağlıyor.</p>\n                </div>\n            </div>\n\n            <div class=\"lazy green\">\n                <div class=\"text tac\">\n                    <img src=\"/media/cms/ico-serbest.png\" alt=\"\">\n                    <h2>Serbest Tüketici Kimdir?</h2>\n                    <hr class=\"green center\">\n                    <p>Enerji Piyasası Düzenleme Kurulu (EPDK) tarafından 2014 yılında belirlenen 4.500 kWh/yıl* üzerinde tüketim yapan tüm tüketiciler serbest tüketici olarak adlandırılır. Bu da aylık ortalama 133 TL’lik elektrik tüketimi anlamına gelmektedir. Ancak burada önemli olan aylık faturanın tutarı değil son 12 aylık toplam tüketimin ortalamasıdır. </p>\n                    <br clear=\"all\">\n                    <br clear=\"all\">\n                    <div class=\"notes\">* Bu hesaplama, mesken abonesi için her türlü vergi, fon ve paylar dahil olmak üzere kilovatsaate 35,44 kuruş baz alınarak yapılmıştır.</div>\n                </div>\n            </div>\n            <div class=\"lazy clearfix pb0\">\n                <img class=\"left mb0\" src=\"/media/cms/ico-hand.png\" alt=\"\">\n                <div class=\"right-description\">\n                    <h2>Ne Kadar<br> Kâr Edeceğim?</h2>\n                    <hr class=\"green\">\n                    <p>Dinamo’nun tüketicilerin yaşam tarzlarına uygun olarak\n                    hazırladığı avantajlı  tarifelerden kendinize en uygun olanı\n                    seçin, mevcut elektrik tüketim bilgilerinizi girin ve ne kadar\n                    kazanacağınızı görün!</p>\n                    <a href=\"#\">  Dinamo etkisini hesapla!</a>\n                </div>\n            </div>\n\n            <div class=\"lazy lazy-bg1\">\n                <h2>Elektriğim<br> Kesilir mi?</h2>\n                <hr class=\"green\">\n                <h1><i>Hayır,</i></h1>\n                <p>Dinamo’ya geçişiniz esnasında hiçbir altyapı değişikliği gerektirmeden<br>\n                veya kesinti yaşamadan ekonomik elektriğinizi<br>\n                kullanmaya başlayabilirsiniz.</p>\n            </div>\n            <div class=\"lazy lazy-bg2 tac\">\n                <h2>Nasıl Katılırım?</h2>\n                <hr class=\"green center\">\n                <p>Dinamo’ya geçiş için serbest tüketici olmanız ve başka bir tedarikçi ile sözleşmenizin olmaması yeterli.<br>Başvuru formunu doldurumanız yeterli. Ondan sonrasını biz sizin için hallediyoruz.</p>\n            </div>\n            <div class=\"row\">\n                <a href=\"/cms/kurumsal-hemen-basvur\" class=\"btn-green-bottom\">HEMEN BAŞVURUN</a>\n            </div>\n\n            </section>', '1', '0', '1', '0000-00-00 00:00:00', '2014-08-04 20:05:15'), ('13', '13', 'Kurumsal Tarifeler', '            <div class=\"container clearfix main-page\">\n                <section class=\"content-section ignore-strict-width\">\n                    <form action=\"\" class=\"bb-form clearfix\">\n\n                        <h2>Dinamo Tarifeleri</h2>\n                        <div class=\"bottom-line\"></div>\n                        <div class=\"compare-box green\">\n                            <h3><b>Tarife</b><br> Sihirbazı</h3>\n                            <p>Abone numaranızı girin ve kullanım değerlerinize göre size en uygun faturayı birlikte oluşturalım. </p>\n                            <p>Lorem ipsum dolor sit amet, consectetur adipisicing elit. Optio id omnis dolor enim ad ab eum est itaque libero nostrum, incidunt similique accusamus modi, perspiciatis, mollitia sunt reprehenderit ea voluptas aut fugit?</p>\n                            <a id=\"modal\" class=\"btn-black left\" href=\"#open-modal1\">Tarife Oluştur</a>\n\n\n                        </div>\n\n                        <div class=\"compare-box\">\n                            <div class=\"close\"><a href=\"#\">x</a></div>\n                            <h3><b>Sabit</b> Tarife</h3>\n                            <img src=\"/media/cms/tarife-sabit.jpg\" alt=\"\">\n                            <a href=\"javascript:void(0)\" class=\"btn-green schedule-details-link\" data-id=\"1\">Tarife Detayları</a>\n                            <div class=\"row\">\n                                <div class=\"left\"><input type=\"checkbox\" id=\"tarife-sabit\" name=\"tarife-sabit\" value=\"tarife-sabit\"/> <label for=\"tarife-sabit\"><span></span>Tarifeyi Seç</label></div>\n                                 <div class=\"left\"><input type=\"checkbox\" id=\"karsilastir-sabit\" name=\"karsilastir-sabit\" value=\"karsilastir-sabit\"/> <label for=\"karsilastir-sabit\"><span></span>Karşılaştır</label></div>\n                            </div>\n\n                        </div>\n                        <div class=\"schedule\">\n                            <div class=\"schedule-details\" data-id=\"1\">\n                                <ul class=\"tab-menu\">\n                                    <li class=\"col3-1\"><a href=\"javascript:void(0)\" class=\"active\">Avantajlar</a></li>\n                                    <li class=\"col3-1\"><a href=\"javascript:void(0)\">Şartlar</a></li>\n                                    <li class=\"col3-1\"><a href=\"javascript:void(0)\">Fiyatlar</a></li>\n                                </ul>\n                                <div class=\"tab-content\">\n                                    <div class=\"tab\" id=\"tab1\">\n                                        <ul>\n                                            <li>Lorem ipsum dolor sit amet.</li>\n                                            <li>Doloremque reprehenderit pariatur similique, ipsa?</li>\n                                            <li>Repellendus earum illo officia ullam!</li>\n                                            <li>Explicabo nulla, eaque odit reiciendis!</li>\n                                            <li>Dolorem iusto nemo necessitatibus laboriosam.</li>\n                                            <li>Cupiditate a doloremque facere molestias.</li>\n                                            <li>Cum iste, maiores distinctio expedita.</li>\n                                            <li>Voluptatum perspiciatis, maiores temporibus. Assumenda.</li>\n                                        </ul>\n                                        <a href=\"#\" class=\"btn-green\">HEMEN BAŞVUR</a>\n                                    </div>\n                                    <div class=\"tab\" id=\"tab2\">\n                                        <ul>\n                                            <li>Explicabo nulla, eaque odit reiciendis!</li>\n                                            <li>Dolorem iusto nemo necessitatibus laboriosam.</li>\n                                            <li>Cupiditate a doloremque facere molestias.</li>\n                                            <li>Cum iste, maiores distinctio expedita.</li>\n                                            <li>Voluptatum perspiciatis, maiores temporibus. Assumenda.</li>\n                                        </ul>\n                                        <a href=\"#\" class=\"btn-green\">HEMEN BAŞVUR</a>\n                                    </div>\n                                     <div class=\"tab\" id=\"tab3\">\n                                        <ul>\n                                            <li>Lorem ipsum dolor sit amet.</li>\n                                            <li>Doloremque reprehenderit pariatur similique, ipsa?</li>\n                                            <li>Repellendus earum illo officia ullam!</li>\n                                            <li>Cum iste, maiores distinctio expedita.</li>\n                                            <li>Voluptatum perspiciatis, maiores temporibus. Assumenda.</li>\n                                        </ul>\n                                        <a href=\"#\" class=\"btn-green\">HEMEN BAŞVUR</a>\n                                    </div>\n                                </div>\n                            </div>\n                        </div>\n\n\n                        <div class=\"compare-box\">\n                            <div class=\"close\"><a href=\"javascript:void(0)\">x</a></div>\n                            <h3><b>Zamlanmayan</b> Tarife</h3>\n                            <img src=\"/media/cms/tarife-zamlanmayan.jpg\" alt=\"\">\n                            <a href=\"javascript:void(0)\" class=\"btn-green schedule-details-link\" data-id=\"2\">Tarife Detayları</a>\n                            <div class=\"row\">\n                                <div class=\"left\"><input type=\"checkbox\" id=\"tarife-zamlanmayan\" name=\"tarife-zamlanmayan\" value=\"tarife-zamlanmayan\"/> <label for=\"tarife-zamlanmayan\"><span></span>Tarifeyi Seç</label></div>\n                                 <div class=\"left\"><input type=\"checkbox\" id=\"karsilastir-zamlanmayan\" name=\"karsilastir-zamlanmayan\" value=\"karsilastir-zamlanmayan\"/> <label for=\"karsilastir-zamlanmayan\"><span></span>Karşılaştır</label></div>\n                            </div>\n                        </div>\n\n\n                        <div class=\"compare-box\">\n                            <div class=\"close\"><a href=\"javascript:void(0)\">x</a></div>\n                            <h3><b>Unutkan</b> Tarife</h3>\n                            <img src=\"/media/cms/tarife-unutkan.jpg\" alt=\"\">\n                            <a href=\"javascript:void(0)\" class=\"btn-green schedule-details-link\" data-id=\"3\">Tarife Detayları</a>\n                            <div class=\"row\">\n                                <div class=\"left\"><input type=\"checkbox\" id=\"tarife-unutkan\" name=\"tarife-unutkan\" value=\"tarife-unutkan\"/> <label for=\"tarife-unutkan\"><span></span>Tarifeyi Seç</label></div>\n                                 <div class=\"left\"><input type=\"checkbox\" id=\"karsilastir-unutkan\" name=\"karsilastir-unutkan\" value=\"karsilastir-unutkan\"/> <label for=\"karsilastir-unutkan\"><span></span>Karşılaştır</label></div>\n                            </div>\n                        </div>\n\n                       <div class=\"schedule\">\n                            <div class=\"schedule-details\" data-id=\"2\">\n                                <ul class=\"tab-menu\">\n                                    <li class=\"col3-1\"><a href=\"javascript:void(0)\" class=\"active\">Avantajlar</a></li>\n                                    <li class=\"col3-1\"><a href=\"javascript:void(0)\">Şartlar</a></li>\n                                    <li class=\"col3-1\"><a href=\"javascript:void(0)\">Fiyatlar</a></li>\n                                </ul>\n                                <div class=\"tab-content\">\n                                    <div class=\"tab\" id=\"tab1\">\n                                        <ul>\n                                            <li>Lorem ipsum dolor sit amet.</li>\n                                            <li>Doloremque reprehenderit pariatur similique, ipsa?</li>\n                                            <li>Repellendus earum illo officia ullam!</li>\n                                            <li>Explicabo nulla, eaque odit reiciendis!</li>\n                                            <li>Dolorem iusto nemo necessitatibus laboriosam.</li>\n                                            <li>Cupiditate a doloremque facere molestias.</li>\n                                            <li>Cum iste, maiores distinctio expedita.</li>\n                                            <li>Voluptatum perspiciatis, maiores temporibus. Assumenda.</li>\n                                        </ul>\n                                        <a href=\"#\" class=\"btn-green\">HEMEN BAŞVUR</a>\n                                    </div>\n                                    <div class=\"tab\" id=\"tab2\">\n                                        <ul>\n                                            <li>Explicabo nulla, eaque odit reiciendis!</li>\n                                            <li>Dolorem iusto nemo necessitatibus laboriosam.</li>\n                                            <li>Cupiditate a doloremque facere molestias.</li>\n                                            <li>Cum iste, maiores distinctio expedita.</li>\n                                            <li>Voluptatum perspiciatis, maiores temporibus. Assumenda.</li>\n                                        </ul>\n                                        <a href=\"#\" class=\"btn-green\">HEMEN BAŞVUR</a>\n                                    </div>\n                                     <div class=\"tab\" id=\"tab3\">\n                                        <ul>\n                                            <li>Lorem ipsum dolor sit amet.</li>\n                                            <li>Doloremque reprehenderit pariatur similique, ipsa?</li>\n                                            <li>Repellendus earum illo officia ullam!</li>\n                                            <li>Cum iste, maiores distinctio expedita.</li>\n                                            <li>Voluptatum perspiciatis, maiores temporibus. Assumenda.</li>\n                                        </ul>\n                                        <a href=\"#\" class=\"btn-green\">HEMEN BAŞVUR</a>\n                                    </div>\n                                </div>\n                            </div>\n                        </div>\n\n                        <div class=\"schedule\">\n                            <div class=\"schedule-details\" data-id=\"3\">\n                                <ul class=\"tab-menu\">\n                                    <li class=\"col3-1\"><a href=\"javascript:void(0)\" class=\"active\">Avantajlar</a></li>\n                                    <li class=\"col3-1\"><a href=\"javascript:void(0)\">Şartlar</a></li>\n                                    <li class=\"col3-1\"><a href=\"javascript:void(0)\">Fiyatlar</a></li>\n                                </ul>\n                                <div class=\"tab-content\">\n                                    <div class=\"tab\" id=\"tab1\">\n                                        <ul>\n                                            <li>Lorem ipsum dolor sit amet.</li>\n                                            <li>Doloremque reprehenderit pariatur similique, ipsa?</li>\n                                            <li>Repellendus earum illo officia ullam!</li>\n                                            <li>Explicabo nulla, eaque odit reiciendis!</li>\n                                            <li>Dolorem iusto nemo necessitatibus laboriosam.</li>\n                                            <li>Cupiditate a doloremque facere molestias.</li>\n                                            <li>Cum iste, maiores distinctio expedita.</li>\n                                            <li>Voluptatum perspiciatis, maiores temporibus. Assumenda.</li>\n                                        </ul>\n                                        <a href=\"#\" class=\"btn-green\">HEMEN BAŞVUR</a>\n                                    </div>\n                                    <div class=\"tab\" id=\"tab2\">\n                                        <ul>\n                                            <li>Explicabo nulla, eaque odit reiciendis!</li>\n                                            <li>Dolorem iusto nemo necessitatibus laboriosam.</li>\n                                            <li>Cupiditate a doloremque facere molestias.</li>\n                                            <li>Cum iste, maiores distinctio expedita.</li>\n                                            <li>Voluptatum perspiciatis, maiores temporibus. Assumenda.</li>\n                                        </ul>\n                                        <a href=\"#\" class=\"btn-green\">HEMEN BAŞVUR</a>\n                                    </div>\n                                     <div class=\"tab\" id=\"tab3\">\n                                        <ul>\n                                            <li>Lorem ipsum dolor sit amet.</li>\n                                            <li>Doloremque reprehenderit pariatur similique, ipsa?</li>\n                                            <li>Repellendus earum illo officia ullam!</li>\n                                            <li>Cum iste, maiores distinctio expedita.</li>\n                                            <li>Voluptatum perspiciatis, maiores temporibus. Assumenda.</li>\n                                        </ul>\n                                        <a href=\"#\" class=\"btn-green\">HEMEN BAŞVUR</a>\n                                    </div>\n                                </div>\n                            </div>\n                        </div>\n\n                        <div class=\"compare-box\">\n                            <div class=\"close\"><a href=\"javascript:void(0)\">x</a></div>\n                            <h3><b>Sabahlayan</b> Tarife</h3>\n                            <img src=\"/media/cms/tarife-sabahlayan.jpg\" alt=\"\">\n                            <a href=\"javascript:void(0)\" class=\"btn-green schedule-details-link\" data-id=\"4\">Tarife Detayları</a>\n                            <div class=\"row\">\n                                <div class=\"left\"><input type=\"checkbox\" id=\"tarife-sabahlayan\" name=\"tarife-sabahlayan\" value=\"tarife-sabahlayan\"/> <label for=\"tarife-sabahlayan\"><span></span>Tarifeyi Seç</label></div>\n                                 <div class=\"left\"><input type=\"checkbox\" id=\"karsilastir-sabahlayan\" name=\"karsilastir-sabahlayan\" value=\"karsilastir-sabahlayan\"/> <label for=\"karsilastir-sabahlayan\"><span></span>Karşılaştır</label></div>\n                            </div>\n                        </div>\n\n\n                        <div class=\"compare-box\">\n                            <div class=\"close\"><a href=\"javascript:void(0)\">x</a></div>\n                            <h3><b>Geniş Çevre</b> Tarife</h3>\n                            <img src=\"/media/cms/tarife-genis-cevre.jpg\" alt=\"\">\n                            <a href=\"javascript:void(0)\" class=\"btn-green schedule-details-link\" data-id=\"5\">Tarife Detayları</a>\n                            <div class=\"row\">\n                                <div class=\"left\"><input type=\"checkbox\" id=\"tarife-genis-cevre\" name=\"tarife-genis-cevre\" value=\"tarife-genis-cevre\"/> <label for=\"tarife-genis-cevre\"><span></span>Tarifeyi Seç</label></div>\n                                 <div class=\"left\"><input type=\"checkbox\" id=\"karsilastir-genis-cevre\" name=\"karsilastir-genis-cevre\" value=\"karsilastir-genis-cevre\"/> <label for=\"karsilastir-genis-cevre\"><span></span>Karşılaştır</label></div>\n                            </div>\n                        </div>\n\n                         <div class=\"schedule\">\n                            <div class=\"schedule-details\" data-id=\"4\">\n                                <ul class=\"tab-menu\">\n                                    <li class=\"col3-1\"><a href=\"javascript:void(0)\" class=\"active\">Avantajlar</a></li>\n                                    <li class=\"col3-1\"><a href=\"javascript:void(0)\">Şartlar</a></li>\n                                    <li class=\"col3-1\"><a href=\"javascript:void(0)\">Fiyatlar</a></li>\n                                </ul>\n                                <div class=\"tab-content\">\n                                    <div class=\"tab\" id=\"tab1\">\n                                        <ul>\n                                            <li>Lorem ipsum dolor sit amet.</li>\n                                            <li>Doloremque reprehenderit pariatur similique, ipsa?</li>\n                                            <li>Repellendus earum illo officia ullam!</li>\n                                            <li>Explicabo nulla, eaque odit reiciendis!</li>\n                                            <li>Dolorem iusto nemo necessitatibus laboriosam.</li>\n                                            <li>Cupiditate a doloremque facere molestias.</li>\n                                            <li>Cum iste, maiores distinctio expedita.</li>\n                                            <li>Voluptatum perspiciatis, maiores temporibus. Assumenda.</li>\n                                        </ul>\n                                        <a href=\"#\" class=\"btn-green\">HEMEN BAŞVUR</a>\n                                    </div>\n                                    <div class=\"tab\" id=\"tab2\">\n                                        <ul>\n                                            <li>Explicabo nulla, eaque odit reiciendis!</li>\n                                            <li>Dolorem iusto nemo necessitatibus laboriosam.</li>\n                                            <li>Cupiditate a doloremque facere molestias.</li>\n                                            <li>Cum iste, maiores distinctio expedita.</li>\n                                            <li>Voluptatum perspiciatis, maiores temporibus. Assumenda.</li>\n                                        </ul>\n                                        <a href=\"#\" class=\"btn-green\">HEMEN BAŞVUR</a>\n                                    </div>\n                                     <div class=\"tab\" id=\"tab3\">\n                                        <ul>\n                                            <li>Lorem ipsum dolor sit amet.</li>\n                                            <li>Doloremque reprehenderit pariatur similique, ipsa?</li>\n                                            <li>Repellendus earum illo officia ullam!</li>\n                                            <li>Cum iste, maiores distinctio expedita.</li>\n                                            <li>Voluptatum perspiciatis, maiores temporibus. Assumenda.</li>\n                                        </ul>\n                                        <a href=\"#\" class=\"btn-green\">HEMEN BAŞVUR</a>\n                                    </div>\n                                </div>\n                            </div>\n                        </div>\n\n                        <div class=\"schedule\">\n                            <div class=\"schedule-details\" data-id=\"5\">\n                                <ul class=\"tab-menu\">\n                                    <li class=\"col3-1\"><a href=\"javascript:void(0)\" class=\"active\">Avantajlar</a></li>\n                                    <li class=\"col3-1\"><a href=\"javascript:void(0)\">Şartlar</a></li>\n                                    <li class=\"col3-1\"><a href=\"javascript:void(0)\">Fiyatlar</a></li>\n                                </ul>\n                                <div class=\"tab-content\">\n                                    <div class=\"tab\" id=\"tab1\">\n                                        <ul>\n                                            <li>Lorem ipsum dolor sit amet.</li>\n                                            <li>Doloremque reprehenderit pariatur similique, ipsa?</li>\n                                            <li>Repellendus earum illo officia ullam!</li>\n                                            <li>Explicabo nulla, eaque odit reiciendis!</li>\n                                            <li>Dolorem iusto nemo necessitatibus laboriosam.</li>\n                                            <li>Cupiditate a doloremque facere molestias.</li>\n                                            <li>Cum iste, maiores distinctio expedita.</li>\n                                            <li>Voluptatum perspiciatis, maiores temporibus. Assumenda.</li>\n                                        </ul>\n                                        <a href=\"#\" class=\"btn-green\">HEMEN BAŞVUR</a>\n                                    </div>\n                                    <div class=\"tab\" id=\"tab2\">\n                                        <ul>\n                                            <li>Explicabo nulla, eaque odit reiciendis!</li>\n                                            <li>Dolorem iusto nemo necessitatibus laboriosam.</li>\n                                            <li>Cupiditate a doloremque facere molestias.</li>\n                                            <li>Cum iste, maiores distinctio expedita.</li>\n                                            <li>Voluptatum perspiciatis, maiores temporibus. Assumenda.</li>\n                                        </ul>\n                                        <a href=\"#\" class=\"btn-green\">HEMEN BAŞVUR</a>\n                                    </div>\n                                     <div class=\"tab\" id=\"tab3\">\n                                        <ul>\n                                            <li>Lorem ipsum dolor sit amet.</li>\n                                            <li>Doloremque reprehenderit pariatur similique, ipsa?</li>\n                                            <li>Repellendus earum illo officia ullam!</li>\n                                            <li>Cum iste, maiores distinctio expedita.</li>\n                                            <li>Voluptatum perspiciatis, maiores temporibus. Assumenda.</li>\n                                        </ul>\n                                        <a href=\"#\" class=\"btn-green\">HEMEN BAŞVUR</a>\n                                    </div>\n                                </div>\n                            </div>\n                        </div>\n\n                        <div class=\"compare-box\">\n                            <div class=\"close\"><a href=\"javascript:void(0)\">x</a></div>\n                            <h3><b>Balayı</b> Tarife</h3>\n                            <img src=\"/media/cms/tarife-balayi.jpg\" alt=\"\">\n                            <a href=\"javascript:void(0)\" class=\"btn-green schedule-details-link\" data-id=\"6\">Tarife Detayları</a>\n                            <div class=\"row\">\n                                <div class=\"left\"><input type=\"checkbox\" id=\"tarife-balayi\" name=\"tarife-balayi\" value=\"tarife-balayi\"/> <label for=\"tarife-balayi\"><span></span>Tarifeyi Seç</label></div>\n                                 <div class=\"left\"><input type=\"checkbox\" id=\"karsilastir-balayi\" name=\"karsilastir-balayi\" value=\"karsilastir-balayi\"/> <label for=\"karsilastir-balayi\"><span></span>Karşılaştır</label></div>\n                            </div>\n                        </div>\n                        \n                        <div class=\"schedule\">\n                            <div class=\"schedule-details\" data-id=\"6\">\n                                <ul class=\"tab-menu\">\n                                    <li class=\"col3-1\"><a href=\"javascript:void(0)\" class=\"active\">Avantajlar</a></li>\n                                    <li class=\"col3-1\"><a href=\"javascript:void(0)\">Şartlar</a></li>\n                                    <li class=\"col3-1\"><a href=\"javascript:void(0)\">Fiyatlar</a></li>\n                                </ul>\n                                <div class=\"tab-content\">\n                                    <div class=\"tab\" id=\"tab1\">\n                                        <ul>\n                                            <li>Lorem ipsum dolor sit amet.</li>\n                                            <li>Doloremque reprehenderit pariatur similique, ipsa?</li>\n                                            <li>Repellendus earum illo officia ullam!</li>\n                                            <li>Explicabo nulla, eaque odit reiciendis!</li>\n                                            <li>Dolorem iusto nemo necessitatibus laboriosam.</li>\n                                            <li>Cupiditate a doloremque facere molestias.</li>\n                                            <li>Cum iste, maiores distinctio expedita.</li>\n                                            <li>Voluptatum perspiciatis, maiores temporibus. Assumenda.</li>\n                                        </ul>\n                                        <a href=\"#\" class=\"btn-green\">HEMEN BAŞVUR</a>\n                                    </div>\n                                    <div class=\"tab\" id=\"tab2\">\n                                        <ul>\n                                            <li>Explicabo nulla, eaque odit reiciendis!</li>\n                                            <li>Dolorem iusto nemo necessitatibus laboriosam.</li>\n                                            <li>Cupiditate a doloremque facere molestias.</li>\n                                            <li>Cum iste, maiores distinctio expedita.</li>\n                                            <li>Voluptatum perspiciatis, maiores temporibus. Assumenda.</li>\n                                        </ul>\n                                        <a href=\"#\" class=\"btn-green\">HEMEN BAŞVUR</a>\n                                    </div>\n                                     <div class=\"tab\" id=\"tab3\">\n                                        <ul>\n                                            <li>Lorem ipsum dolor sit amet.</li>\n                                            <li>Doloremque reprehenderit pariatur similique, ipsa?</li>\n                                            <li>Repellendus earum illo officia ullam!</li>\n                                            <li>Cum iste, maiores distinctio expedita.</li>\n                                            <li>Voluptatum perspiciatis, maiores temporibus. Assumenda.</li>\n                                        </ul>\n                                        <a href=\"#\" class=\"btn-green\">HEMEN BAŞVUR</a>\n                                    </div>\n                                </div>\n                            </div>\n                        </div>\n\n                        <br clear=\"all\">\n\n                    </form>\n\n                </section>\n            </div>\n\n            <!-- tarife sihirbazi-->\n                        <div id=\"open-modal1\" class=\"hide modal\">\n                <div class=\"title\">\n                    <h2>Tarife Sihirbazı</h2>\n                    <a class=\"modal_close\" href=\"#\"></a>\n                </div>\n                <div class=\"question-content clearfix\" data-id=\"1\">\n                    <div class=\"question\">Evde olduğunuz saat aralıkları hangisi?</div>\n\n                    <div class=\"row answers\">\n                        <div class=\"left\"><input class=\"like-checkbox\" type=\"radio\" id=\"time1\" name=\"time\" value=\"time1\"/> <label for=\"time1\"><span></span>08:00 - 17:00</label></div>\n                        <div class=\"left\"><input class=\"like-checkbox\" type=\"radio\" id=\"time2\" name=\"time\" value=\"time2\"/> <label for=\"time2\"><span></span>17:00 - 22:00</label></div>\n                    </div>\n                    <div class=\"row answers\">\n                        <div class=\"left\"><input class=\"like-checkbox\" type=\"radio\" id=\"time3\" name=\"time\" value=\"time3\"/> <label for=\"time3\"><span></span>00:00 - 08:00</label></div>\n                        <div class=\"left\"><input class=\"like-checkbox\" type=\"radio\" id=\"time4\" name=\"time\" value=\"time4\"/> <label for=\"time4\"><span></span>22:00 - 01:00</label></div>\n                    </div>\n                    <br clear=\"all\">\n                    <br clear=\"all\">\n                    <br clear=\"all\">\n                    <a href=\"#\" class=\"btn-green next-question\"  data-id=\"2\">Devam Et</a>\n                </div>\n                <div class=\"question-content clearfix\" data-id=\"2\" style=\"display:none\">\n                    <div class=\"question\">Ne iş yapıyorsunuz?</div>\n\n                    <div class=\"row answers\">\n                        <div class=\"left\"><input class=\"like-checkbox\" type=\"radio\" id=\"job1\" name=\"job\" value=\"job1\"/> <label for=\"job1\"><span></span>Öğrenciyim</label></div>\n                        <div class=\"left\"><input class=\"like-checkbox\" type=\"radio\" id=\"job2\" name=\"job\" value=\"job2\"/> <label for=\"job2\"><span></span>Memurum</label></div>\n                    </div>\n                    <div class=\"row answers\">\n                        <div class=\"left\"><input class=\"like-checkbox\" type=\"radio\" id=\"job3\" name=\"job\" value=\"job3\"/> <label for=\"job3\"><span></span>Doktorum</label></div>\n                        <div class=\"left\"><input class=\"like-checkbox\" type=\"radio\" id=\"job4\" name=\"job\" value=\"job4\"/> <label for=\"job4\"><span></span>Diğer...</label></div>\n                    </div>\n                    <br clear=\"all\">\n                    <br clear=\"all\">\n                    <br clear=\"all\">\n                    <a href=\"#\" class=\"btn-green next-question\"  data-id=\"3\">Devam Et</a>\n                </div>\n                <div class=\"question-content clearfix\" data-id=\"3\" style=\"display:none\">\n                    <div class=\"question\">Evinizde en çok kullandığınız elektrikli ev aleti hangisi?</div>\n\n                    <div class=\"row answers\">\n                        <div class=\"left\"><input class=\"like-checkbox\" type=\"radio\" id=\"mostly1\" name=\"mostly\" value=\"mostly1\"/> <label for=\"mostly1\"><span></span>Oyun Konsolu</label></div>\n                        <div class=\"left\"><input class=\"like-checkbox\" type=\"radio\" id=\"mostly2\" name=\"mostly\" value=\"mostly2\"/> <label for=\"mostly2\"><span></span>Su Isıtıcı</label></div>\n                    </div>\n                    <div class=\"row answers\">\n                        <div class=\"left\"><input class=\"like-checkbox\" type=\"radio\" id=\"mostly3\" name=\"mostly\" value=\"mostly3\"/> <label for=\"mostly3\"><span></span>Ütü</label></div>\n                        <div class=\"left\"><input class=\"like-checkbox\" type=\"radio\" id=\"mostly4\" name=\"mostly\" value=\"mostly4\"/> <label for=\"mostly4\"><span></span>Çamaşır Makinası</label></div>\n                    </div>\n                    <br clear=\"all\">\n                    <br clear=\"all\">\n                    <br clear=\"all\">\n                    <a href=\"#\" class=\"btn-green next-question\"  data-id=\"4\">Devam Et</a>\n                </div>\n                <div class=\"question-content nano\" data-id=\"4\" style=\"display:none\">\n                    <div class=\"nano-content\">\n                        <div class=\"left col-2-1\">\n                            <h3 class=\"green\"><b>İşte size en uygun tarife!</b></h3>\n                            <p>Lorem Ipsum is simply dummy text of the printing and typesetting industry. </p>\n\n                            <p>Lorem Ipsum has been the industry\'s standard dummy text ever since the 1500s, when an unknown printer took a galley of type and scrambled it to make a type specimen book. </p>\n                        </div>\n                        <div>\n                           <div class=\"compare-box\">\n                                <div class=\"close\"><a href=\"javascript:void(0)\">x</a></div>\n                                <h3><b>Sabahlayan</b> Tarife</h3>\n                                <img src=\"/media/cms/tarife-sabahlayan.jpg\" alt=\"\">\n                                <a href=\"javascript:void(0)\" class=\"btn-green schedule-details-link\" data-id=\"4\">Tarife Detayları</a>\n                            </div>\n                            <div class=\"schedule\">\n                                <div class=\"schedule-details\" data-id=\"4\">\n                                    <ul class=\"tab-menu\">\n                                        <li class=\"col3-1\"><a href=\"javascript:void(0)\" class=\"active\">Avantajlar</a></li>\n                                        <li class=\"col3-1\"><a href=\"javascript:void(0)\">Şartlar</a></li>\n                                        <li class=\"col3-1\"><a href=\"javascript:void(0)\">Fiyatlar</a></li>\n                                    </ul>\n                                    <div class=\"tab-content\">\n                                        <div class=\"tab\" id=\"tab8\">\n                                            <ul>\n                                                <li>Lorem ipsum dolor sit amet.</li>\n                                                <li>Doloremque reprehenderit pariatur similique, ipsa?</li>\n                                                <li>Repellendus earum illo officia ullam!</li>\n                                                <li>Explicabo nulla, eaque odit reiciendis!</li>\n                                                <li>Dolorem iusto nemo necessitatibus laboriosam.</li>\n                                                <li>Cupiditate a doloremque facere molestias.</li>\n                                                <li>Cum iste, maiores distinctio expedita.</li>\n                                                <li>Voluptatum perspiciatis, maiores temporibus. Assumenda.</li>\n                                            </ul>\n                                            <a href=\"#\" class=\"btn-green\">HEMEN BAŞVUR</a>\n                                        </div>\n                                        <div class=\"tab\" id=\"tab8\">\n                                            <ul>\n                                                <li>Dolorem iusto nemo necessitatibus laboriosam.</li>\n                                                <li>Cupiditate a doloremque facere molestias.</li>\n                                                <li>Cum iste, maiores distinctio expedita.</li>\n                                                <li>Voluptatum perspiciatis, maiores temporibus. Assumenda.</li>\n                                            </ul>\n                                            <a href=\"#\" class=\"btn-green\">HEMEN BAŞVUR</a>\n                                        </div>\n                                        <div class=\"tab\" id=\"tab7\">\n                                            <ul>\n                                                <li>Lorem ipsum dolor sit amet.</li>\n                                                <li>Doloremque reprehenderit pariatur similique, ipsa?</li>\n                                                <li>Cupiditate a doloremque facere molestias.</li>\n                                                <li>Cum iste, maiores distinctio expedita.</li>\n                                                <li>Voluptatum perspiciatis, maiores temporibus. Assumenda.</li>\n                                            </ul>\n                                            <a href=\"#\" class=\"btn-green\">HEMEN BAŞVUR</a>\n                                        </div>\n                                    </div>\n\n\n                                </div>\n                            </div>\n                        </div>\n                    </div>\n\n                </div>\n            </div>\n\n        </div>\n            <!-- tarife sihirbazi bitti-->', '1', '0', '1', '0000-00-00 00:00:00', '2014-08-04 20:05:33'), ('14', '14', 'Kurumsal Kampanyalar', '            <div class=\"container\">\n                <div class=\"cycle-slideshow\">\n                    <button class=\"prev\" data-cycle-cmd=\"prev\">Prev</button>\n                    <div class=\"cycle-overlay\"></div>\n                    <img src=\"/media/cms/slider2.jpg\" data-cycle-title=\"Doğum Günü Kampanyası\"\n        data-cycle-desc=\"It is a long established fact that a reader will be distracted by the readable content of a page when...\">\n                    <img src=\"http://lorempixel.com/940/500/technics/1/\" data-cycle-title=\"Redwoods\"\n        data-cycle-desc=\"Muir Woods National Monument\">\n                    <img src=\"http://lorempixel.com/940/500/technics/2/\" data-cycle-title=\"Angel Island\"\n        data-cycle-desc=\"San Franscisco Bay\">\n                    <img src=\"http://lorempixel.com/940/500/technics/3/\" data-cycle-title=\"Raquette Lake\"\n        data-cycle-desc=\"Adirondack State Park\">\n                    <div class=\"cycle-pager\"></div>\n                    <button class=\"next\" data-cycle-cmd=\"next\">Next</button>\n                </div>\n                <hr>\n            </div>\n            <section class=\"container clearfix\">\n                <div class=\"campains clearfix\">\n                    <h2>Tüm Kampanyalar</h2>\n                    <hr class=\"green\">\n                    <div class=\"campain-box\">\n                        <h3><strong>E-Fatura </strong> Kampanyası</h3>\n                        <img src=\"/media/cms/dummy-campain1.jpg\" alt=\"\">\n                        <p>Dinamo Elektrik\'e e-fatura talimatı verenler hem çevrenin korunmasına katkıda bulunuyor hem de bir sonraki faturada 5 TL\'lik indirimin sahibi oluyor.</p>\n                        <a href=\"#\">Kampanya detayları için tıklayın</a>\n                    </div>\n                    <div class=\"campain-box\">\n                        <h3><strong>Sosyal Medya </strong> Kampanyası</h3>\n                        <img src=\"/media/cms/dummy-campain2.jpg\" alt=\"\">\n                        <p>Eylül ayı içerisinde aboneliğini Dinamo Elektrik\'e taşıyanlar bu müjdeli haberi sosyal medyada sevdikleriyle paylaşınca, ekstra %1 indirim kazanıyor.</p>\n                        <a href=\"#\">Kampanya detayları için tıklayın</a>\n                    </div>\n                    <div class=\"campain-box\">\n                        <h3><strong>Doğum Günü </strong> Kampanyası</h3>\n                        <img src=\"/media/cms/dummy-campain3.jpg\" alt=\"\">\n                        <p>Aboneliğini Dinamo Elektrik\'e taşıyanların doğum gününde kullandığı elektrik Dinamo Elektrik\'ten hediye</p>\n                        <a href=\"#\">Kampanya detayları için tıklayın</a>\n                    </div>\n\n                    <div class=\"campain-box\">\n                        <h3><strong>Yazlıkçı </strong> Kampanyası</h3>\n                        <img src=\"/media/cms/dummy-campain3.jpg\" alt=\"\">\n                        <p>Aboneliğini Dinamo Elektrik\'in herhangi bir tarifesine taşıyan müşterilerimizin hangi tarihte orada olacaklarını bildirdikleri takdirde yazlıklarında kullandıkları elektrik artık kesilmiyor.</p>\n                        <a href=\"#\">Kampanya detayları için tıklayın</a>\n                    </div>\n\n                    <div class=\"campain-box\">\n                        <h3><strong>Öğrenci</strong> Kampanyası</h3>\n                        <img src=\"/media/cms/dummy-campain3.jpg\" alt=\"\">\n                        <p>Dinamo Elektrik ile elektrik faturaları ile öğrencilerin arası artık çok iyi. Çünkü aboneliğini Dinamo Elektrik\'e taşıyan öğrenci dostlarımız %5 oranında indirim kazanıyor.</p>\n                        <a href=\"#\">Kampanya detayları için tıklayın</a>\n                    </div>\n\n                </div>\n\n\n            </section>', '1', '0', '1', '0000-00-00 00:00:00', '2014-08-04 20:04:54'), ('15', '15', 'Kurumsal Dinamolu Olmak İstiyorum', 'Kurumsal Dinamolu Olmak İstiyorum Body', '1', '0', '1', '0000-00-00 00:00:00', '2014-08-04 16:13:25'), ('16', '16', 'Bireysel Hakkımızda ', '            <div class=\"container clearfix main-page\">\n\n                <aside class=\"green-bg forced-left\">\n                    <input type=\"submit\" class=\"btn-green\" value=\"HIDE MENU\">\n                    <ul>\n                        <li class=\"active\">\n                            <a href=\"/cms/bireysel-hakkimizda\">HAKKIMIZDA</a>\n                            <ul>\n                                <li><a href=\"/cms/bireysel-yonetim-takimimiz\">Yönetim Takımımız</a></li>\n                                <li><a href=\"/cms/bireysel-kalite-politikamiz\">Kalite Politikamız</a></li>\n                                <li><a href=\"/cms/bireysel-vizyon-ve-misyonumuz\">Vizyon ve Misyonumuz</a></li>\n                            </ul>\n                        </li>\n                        <li><a href=\"/cms/bireysel-haberler\">HABERLER</a></li>\n                        <li><a href=\"/cms/bireysel-basin-odasi\">BASIN ODASI</a></li>\n                        <li><a href=\"/cms/bireysel-sikca-sorulan-sorular\">SIKÇA SORULAN SORULAR</a></li>\n                        <li><a href=\"/cms/bireysel-iletisim\">İLETİŞİM</a></li>\n                    </ul>\n\n                </aside>\n\n                <section class=\"content-section\">\n                        <input type=\"submit\" class=\"btn-green show-menu-btn\" value=\"MENU\">\n                        <h2>HAKKIMIZDA</h2>\n                        <div class=\"bottom-line\"></div>\n                        <p>Lorem ipsum dolor sit amet, consectetur adipisicing elit. Molestias culpa vero itaque maiores enim labore nihil dicta a eveniet corrupti repudiandae iure quaerat veniam, incidunt unde amet ea quis odit officia voluptas at repellat aspernatur. Nesciunt recusandae animi quaerat ex quia aperiam totam veniam. Voluptatem modi dolor sed nulla laborum perspiciatis repudiandae, sapiente iure doloremque dolorum quasi, necessitatibus ratione ad non molestias aliquid veritatis dolorem! Omnis laborum suscipit et voluptatem, saepe repellat harum doloribus. Unde quis numquam atque sequi quam incidunt harum architecto labore, repellendus commodi cumque vero quas ipsum deleniti provident soluta est iste neque dolor et. Facere, quisquam!</p>\n\n                        </div>\n                </section>\n            </div>\n            <br clear=\"all\">\n            <br clear=\"all\">', '1', '0', '1', '0000-00-00 00:00:00', '2014-08-04 18:37:00'), ('17', '17', 'Bireysel Haberler', '            <div class=\"container clearfix main-page\">\n\n                <aside class=\"green-bg forced-left\">\n                    <input type=\"submit\" class=\"btn-green\" value=\"HIDE MENU\">\n                    <ul>\n                        <li>\n                            <a href=\"/cms/bireysel-hakkimizda\">HAKKIMIZDA</a>\n                            <ul>\n                                <li><a href=\"/cms/bireysel-yonetim-takimimiz\">Yönetim Takımımız</a></li>\n                                <li><a href=\"/cms/bireysel-kalite-politikamiz\">Kalite Politikamız</a></li>\n                                <li><a href=\"/cms/bireysel-vizyon-ve-misyonumuz\">Vizyon ve Misyonumuz</a></li>\n                            </ul>\n                        </li>\n                        <li class=\"active\"><a href=\"/cms/bireysel-haberler\">HABERLER</a></li>\n                        <li><a href=\"/cms/bireysel-basin-odasi\">BASIN ODASI</a></li>\n                        <li><a href=\"/cms/bireysel-sikca-sorulan-sorular\">SIKÇA SORULAN SORULAR</a></li>\n                        <li><a href=\"/cms/bireysel-iletisim\">İLETİŞİM</a></li>\n                    </ul>\n\n                </aside>\n\n                <section class=\"content-section\">\n                        <input type=\"submit\" class=\"btn-green show-menu-btn\" value=\"MENU\">\n                        <h2>Haberler</h2>\n                        <div class=\"bottom-line\"></div>\n                        <p>\n                            Lorem Ipsum has been the industry\'s standard dummy text ever since the\n1500s, when an unknown printer took a galley of type and scrambled\nit to make a type specimen book\n                        </p>\n                        <div class=\"news\">\n\n                            <img src=\"http://lorempixel.com/business/130/150/\" alt=\"\">\n                            <h3><b>HABER BAŞLIĞI</b></h3>\n                            <p>Lorem Ipsum is simply dummy text of the printing and typesetting\n                            industry. Lorem Ipsum has been the industry\'s standard dummy\n                            text ever since the 1500s, when an unknown printer took a galley\n                            of type and scrambled it to make a type specimen book.\n                            It has survived not only five centuries, but also the leap into\n                            electronic typesetting, remaining essentially unchanged. </p>\n\n                            <p>It was popularised in the 1960s with the release of Letraset sheets\n                            containing Lorem Ipsum passages, and more recently with\n                            desktop publishing software like Aldus PageMaker including\n                            versions of Lorem Ipsum.</p>\n\n                        </div>\n\n                        <div class=\"news\">\n\n                            <img src=\"http://lorempixel.com/business/130/150/\" alt=\"\">\n                            <h3><b>HABER BAŞLIĞI</b></h3>\n                            <p>Lorem Ipsum is simply dummy text of the printing and typesetting\n                            industry. Lorem Ipsum has been the industry\'s standard dummy\n                            text ever since the 1500s, when an unknown printer took a galley\n                            of type and scrambled it to make a type specimen book.\n                            It has survived not only five centuries, but also the leap into\n                            electronic typesetting, remaining essentially unchanged. </p>\n\n                            <p>It was popularised in the 1960s with the release of Letraset sheets\n                            containing Lorem Ipsum passages, and more recently with\n                            desktop publishing software like Aldus PageMaker including\n                            versions of Lorem Ipsum.</p>\n\n                        </div>\n                </section>\n            </div>\n            <br clear=\"all\">\n            <br clear=\"all\">', '1', '0', '1', '0000-00-00 00:00:00', '2014-08-04 19:13:55'), ('18', '18', 'Bireysel Basın Odası', '            <div class=\"container clearfix main-page\">\n\n                <aside class=\"green-bg forced-left\">\n                    <input type=\"submit\" class=\"btn-green\" value=\"HIDE MENU\">\n                    <ul>\n                        <li>\n                            <a href=\"/cms/bireysel-hakkimizda\">HAKKIMIZDA</a>\n                            <ul>\n                                <li><a href=\"/cms/bireysel-yonetim-takimimiz\">Yönetim Takımımız</a></li>\n                                <li><a href=\"/cms/bireysel-kalite-politikamiz\">Kalite Politikamız</a></li>\n                                <li><a href=\"/cms/bireysel-vizyon-ve-misyonumuz\">Vizyon ve Misyonumuz</a></li>\n                            </ul>\n                        </li>\n                        <li><a href=\"/cms/bireysel-haberler\">HABERLER</a></li>\n                        <li class=\"active\"><a href=\"/cms/bireysel-basin-odasi\">BASIN ODASI</a></li>\n                        <li><a href=\"/cms/bireysel-sikca-sorulan-sorular\">SIKÇA SORULAN SORULAR</a></li>\n                        <li><a href=\"/cms/bireysel-iletisim\">İLETİŞİM</a></li>\n                    </ul>\n\n                </aside>\n\n                <section class=\"content-section\">\n                        <input type=\"submit\" class=\"btn-green show-menu-btn\" value=\"MENU\">\n                        <h2>Basın Odası</h2>\n                        <div class=\"bottom-line\"></div>\n                        <p>Basılı metaryaller ve basın açıklamaları burada yer alacak.</p>\n                        <div class=\"news\">\n\n                            <img class=\"mt0\" src=\"http://lorempixel.com/business/130/150/\" alt=\"\">\n                            <h3><b>YÜKSEK ÇÖZÜNÜRLÜKLÜ LOGO </b></h3>\n                            <p> Logonun vektör formatı ve baskıya uygun jpeg hallerini indirmek için <a href=\"#\"><b><i>tıklayınız</i></b></a>. </p>\n\n                        </div>\n<br clear=\"all\">\n                        <div class=\"news\">\n                            <h3><b>YENİ BASIN AÇIKLAMAMIZ</b></h3>\n                            <p>Bir konu hakında yapılan basın açıklamasının başlığı ve özetine yer vertilerek doc dökümanı\nve imajlarla birlikte dosyayı <a href=\"#\"><b><i>tıklayarak</i></b></a> indirebilirsiniz. </p>\n                            <p>It was popularised in the 1960s with the release of Letraset sheets\n                            containing Lorem Ipsum passages, and more recently with\n                            desktop publishing software like Aldus PageMaker including\n                            versions of Lorem Ipsum.</p>\n\n                        </div>\n\n                         <div class=\"news\">\n                            <h3><b>İLK BASIN AÇIKLAMAMIZ</b></h3>\n                            <p>Bir konu hakında yapılan basın açıklamasının başlığı ve özetine yer vertilerek doc dökümanı\nve imajlarla birlikte dosyayı <a href=\"#\"><b><i>tıklayarak</i></b></a> indirebilirsiniz. </p>\n\n                            <p>It was popularised in the 1960s with the release of Letraset sheets\n                            containing Lorem Ipsum passages, and more recently with\n                            desktop publishing software like Aldus PageMaker including\n                            versions of Lorem Ipsum.</p>\n\n                        </div>\n                </section>\n            </div>\n            <br clear=\"all\">\n            <br clear=\"all\">', '1', '0', '1', '0000-00-00 00:00:00', '2014-08-04 18:36:54'), ('19', '19', 'Bireysel Sıkça Sorulan Sorular', '            <div class=\"container clearfix main-page\">\n\n                <aside class=\"green-bg forced-left\">\n                    <input type=\"submit\" class=\"btn-green\" value=\"HIDE MENU\">\n                    <ul>\n                        <li>\n                            <a href=\"/cms/bireysel-hakkimizda\">HAKKIMIZDA</a>\n                            <ul>\n                                <li><a href=\"/cms/bireysel-yonetim-takimimiz\">Yönetim Takımımız</a></li>\n                                <li><a href=\"/cms/bireysel-kalite-politikamiz\">Kalite Politikamız</a></li>\n                                <li><a href=\"/cms/bireysel-vizyon-ve-misyonumuz\">Vizyon ve Misyonumuz</a></li>\n                            </ul>\n                        </li>\n                        <li><a href=\"/cms/bireysel-haberler\">HABERLER</a></li>\n                        <li><a href=\"/cms/bireysel-basin-odasi\">BASIN ODASI</a></li>\n                        <li class=\"active\"><a href=\"/cms/bireysel-sikca-sorulan-sorular\">SIKÇA SORULAN SORULAR</a></li>\n                        <li><a href=\"/cms/bireysel-iletisim\">İLETİŞİM</a></li>\n                    </ul>\n\n                </aside>\n\n                <section class=\"content-section\">\n                        <input type=\"submit\" class=\"btn-green show-menu-btn\" value=\"MENU\">\n                        <h2>Sıkça Sorulan Sorular</h2>\n                        <div class=\"bottom-line\"></div>\n			<p>Dinamo Elektrik\'le alakalı sık sorulan sorular burada yer bulacak, bu cümle değişecek.</p>\n                    <br clear=\"all\">\n\n                                        <dl class=\"accordion\">\n\n                        <dt>Tedarikçi firmadan elektrik alan serbest tüketicinin arıza, bakım konularında dağıtım firmaları ayrımcılık yapılabilir mi?</dt>\n                        <dd>TODO: HUKUKTAN ALACAĞIZ CEVABI</dd>\n\n                        <dt>Özel tedarikçiden elektrik satın alınmasında devlet garantisi var mı?</dt>\n                        <dd>Tabii ki. Her tüketici gibi sen de ödemelerini zamanında yaptığın takdirde % 100 devlet garantisi altındasın.</dd>\n\n                        <dt>Herhangi bir sebeple sözleşme fesih olursa elektrik kesintisi yaşar mıyım?</dt>\n                        <dd>Düzenli ödeme yapan hiçbir abone sözleşme feshinden dolayı elektrik kesintisi yaşamaz. Böyle bir durumda kanun gereği bağlı bulunduğun dağıtım şirketinden, eski tarifene göre elektrik almaya devam edebilirsin.</dd>\n\n                        <dt>Evim kiralık, sayaç ev sahibinin üzerine kayıtlı. Sözleşeme imzalayabilir miyim?</dt>\n                        <dd>TODO: HUKUKTAN ALACAĞIZ CEVABI</dd>\n\n                        <dt>Elektrik faturam bana nasıl ulaşacak?</dt>\n                        <dd>Faturan adresine kargo ile gönderilecek. Dinamo Elektrik’ten e-fatura talep ettiğin takdirde faturanın soft hali mailine yollanacak.</dd>\n\n                        <dt>Serbest tüketici kimdir?</dt>\n                        <dd>Serbest tüketici her ay belirli bir limitten fazla elektrik tüketen ve elektrik tedarikçisini seçebilme hakkına sahip gerçek veya tüzel kişiye denir. 2014 yılı itibari ile EPDK tarafından belirlenmiş olan bu limitin aylık fatura tutarı KDV dahil ortalama 135 TL’ye denk gelir.</dd>\n\n                        <dt>Herhangi bir arıza durumunda kimi arayacağım?</dt>\n                        <dd>Serbest tüketicilerin elektrik tesisatlarında oluşan arızaların giderilmesi ve bakımlarının yapılması, tüketicinin bulunduğu bölgedeki elektrik dağıtım şirketinin yetki ve sorumluğunda. Yani arıza durumunda onları araman gerekiyor.</dd>\n\n                        <dt>Elektriği sizden alırsam kesinti yaşar mıyım?</dt>\n                        <dd>Kesinlikle hayır. Elektriği bizden alman durumunda mevcut sisteminde teknik açıdan veya fiziksel olarak değişiklik olmayacak. Kullanımına aynen devam edeceksin.</dd>\n\n                        <dt>Elektriğin kalitesinde herhangi bir değişiklik olur mu?</dt>\n                        <dd>Hayır. Elektriği bizden aldığında da mevcut durumda, bağlı bulunduğun dağıtım şebekesinden aldığın kalitede elektriğin aynısından kullanmaya devam.</dd>\n\n                        <dt>Sayacım değişecek mi?</dt>\n                        <dd>Elektriği bizden alabilmen için sayacının dijital olması gerekiyor. Eger değilse bölgendeki sorumlu dağıtım firması sayacını ücretsiz değiştirecektir. Dijitalse zaten hiçbir değişiklik olmayacak. </dd>\n\n                        <dt>Sayacı kim okuyacak?</dt>\n                        <dd>Elektrik sayaçlarının okunması, mevzuat gereği dağıtım şirketlerinin yetki ve sorumluluğunda bulunuyor. Serbest tüketicilerin sayaçları da bu kapsamda bağlı bulundukları elektrik dağıtım şirketi tarafından okunuyor. Serbest tüketicilerin okunan endeks bilgileri \"Sayaç Okuma Tutanağı\" ile birlikte elektrik tedarikçilerine (yani bize) gönderiliyor ve bir kopyası da tüketiciye (sana) bırakılıyor. </dd>\n\n                        <dt>Faturamı nakit olarak nereye ödeyebilirim?</dt>\n                        <dd>Faturanı Ptt Bank ve Yapı Kredi Bankası gişelerinden nakit olarak ödeyebilirsin.</dd>\n\n                        <dt>Otomatik ödeme veya kredi kartı ile ödeme yapabilir miyim?</dt>\n                        <dd>Tabii ki. Garanti Bankası, Deniz Bank ve Yapı Kredi bankalarından atm, otomatik ödeme, hesaptan ödeme ve kredi kartı ödeme yoluyla fatura ödemeni yapabilirsin.</dd>\n\n                        <dt>Dinamo Elektrik olarak tüm Türkiye\'ye hizmet verilebiliyor musunuz?</dt>\n                        <dd>Evet. Tüm Türkiye’ye hizmet veriyoruz.</dd>\n\n                        <dt>Nasıl başvuru yapabilirim?</dt>\n                        <dd>TODO: CEVAP YOK</dd>\n\n                        <dt>İndirimli elektriği başvuruyu yapar yapmaz almaya başlıyor muyum?</dt>\n                        <dd>İlgili mevzuat gereği abonelik kayıtları aylık dönemlerde yapılıyor. Dolayısıyla indirimli elektriği almaya ayın birinci günü başlayabilirsin. Ayrıca abonelik işlemlerin faturalanmaya başlamadan, en geç bir önceki ayın 4. tamamlanmış olması gerekmektedir. </dd>\n\n                        <dt>Aldığım indirim ne kadar geçerli olacak?</dt>\n                        <dd>Sözleşme sonuna kadar indirim oranın geçerli. </dd>\n\n                        <dt>Elektriği Dinamo-Proper Elektrik’ten alırsam muhatabım kim olacak?</dt>\n                        <dd>Her türlü iletişim ihtiyacında muhatabın Dinamo-Proper Elektrik olacak.</dd>\n\n                    </dl>\n                 </section>\n            </div>\n            <br clear=\"all\">\n            <br clear=\"all\">', '1', '0', '1', '0000-00-00 00:00:00', '2014-08-04 19:01:41'), ('20', '20', 'Bireysel İletişim', '            <div class=\"container clearfix main-page\">\n\n                <aside class=\"green-bg forced-left\">\n                    <input type=\"submit\" class=\"btn-green\" value=\"HIDE MENU\">\n                    <ul>\n                        <li>\n                            <a href=\"/cms/bireysel-hakkimizda\">HAKKIMIZDA</a>\n                            <ul>\n                                <li><a href=\"/cms/bireysel-yonetim-takimimiz\">Yönetim Takımımız</a></li>\n                                <li><a href=\"/cms/bireysel-kalite-politikamiz\">Kalite Politikamız</a></li>\n                                <li><a href=\"/cms/bireysel-vizyon-ve-misyonumuz\">Vizyon ve Misyonumuz</a></li>\n                            </ul>\n                        </li>\n                        <li><a href=\"/cms/bireysel-haberler\">HABERLER</a></li>\n                        <li><a href=\"/cms/bireysel-basin-odasi\">BASIN ODASI</a></li>\n                        <li><a href=\"/cms/bireysel-sikca-sorulan-sorular\">SIKÇA SORULAN SORULAR</a></li>\n                        <li class=\"active\"><a href=\"/cms/bireysel-iletisim\">İLETİŞİM</a></li>\n                    </ul>\n\n                </aside>\n\n                    <section class=\"content-section\">\n                        <input type=\"submit\" class=\"btn-green show-menu-btn\" value=\"MENU\">\n                        <h2>İletişim</h2>\n                        <div class=\"bottom-line\"></div>\n                        <p>Esentepe Mah. Kasap Sok. Ozden Konak Apt. Kat:1 Daire:1 Şişli,<br clear=\"all\">İstanbul - Türkiye</p>\n                        <br clear=\"all\"><br clear=\"all\">\n                        <p><b>Telefon:</b> +90 212 347 5151(pbx)   -   <b>Faks:</b> +90 212 347 51 65<br clear=\"all\">\n                        <b>E-posta:</b> info@dinamoelektrik.com</p>\n\n                        <div class=\"phone\">0 800 700 60 50</div>\n\n                        <form action=\"\" class=\"bb-form pl0\">\n                            <div class=\"row\">\n                                <div class=\"col2 right-indent full-width-480\">\n                                    <label for=\"ad-soyad\">Ad Soyad:</label>\n                                    <input type=\"text\" id=\"ad-soyad\" name=\"ad-soyad\" placeholder=\"Ad Soyad\">\n                                </div>\n                            </div>\n\n                            <div class=\"row\">\n                                <div class=\"col2 right-indent full-width-480\">\n                                    <label for=\"eposta\">E-Posta Adresi:</label>\n                                    <input type=\"email\" id=\"eposta\" name=\"eposta\" class=\"mid\" placeholder=\"E-Posta Adresi\">\n                                </div>\n                            </div>\n                            <div class=\"row\">\n                                <div class=\"col2 right-indent full-width-480\">\n                                    <label for=\"konu\">Konu:</label>\n                                    <select id=\"konu\" name=\"konu\" class=\"select\">\n                                       <option>Seçiniz</option>\n                                       <option value=\"1\">sfasf</option>\n                                       <option value=\"2\">sad</option>\n                                       <option value=\"3\">sdsa</option>\n                                       <option value=\"4\">sadsa sd</option>\n                                    </select>\n                                </div>\n                            </div>\n                            <div class=\"row\">\n                                <label for=\"msj\">Adres:</label>\n                                <textarea name=\"msj\" id=\"msj\" cols=\"30\" rows=\"10\" placeholder=\"Mesajınız\"></textarea>\n                            </div>\n                            <div class=\"row\">\n                                <input type=\"submit\" class=\"btn-green\" value=\"GÖNDER\">\n                            </div>\n                        </form>\n                    </section>\n            </div>\n            <br clear=\"all\">\n            <br clear=\"all\">', '1', '0', '1', '0000-00-00 00:00:00', '2014-08-04 19:10:00');
INSERT INTO `contents` VALUES ('21', '21', 'Kurumsal Hakkımızda', '            <div class=\"container clearfix main-page\">\n\n                <aside class=\"green-bg forced-left\">\n                    <input type=\"submit\" class=\"btn-green\" value=\"HIDE MENU\">\n                    <ul>\n                        <li class=\"active\">\n                            <a href=\"/cms/kurumsal-hakkimizda\">HAKKIMIZDA</a>\n                            <ul>\n                                <li><a href=\"/cms/kurumsal-yonetim-takimimiz\">Yönetim Takımımız</a></li>\n                                <li><a href=\"/cms/kurumsal-kalite-politikamiz\">Kalite Politikamız</a></li>\n                                <li><a href=\"/cms/kurumsal-vizyon-ve-misyonumuz\">Vizyon ve Misyonumuz</a></li>\n                            </ul>\n                        </li>\n                        <li><a href=\"/cms/kurumsal-haberler\">HABERLER</a></li>\n                        <li><a href=\"/cms/kurumsal-basin-odasi\">BASIN ODASI</a></li>\n                        <li><a href=\"/cms/kurumsal-sikca-sorulan-sorular\">SIKÇA SORULAN SORULAR</a></li>\n                        <li><a href=\"/cms/kurumsal-iletisim\">İLETİŞİM</a></li>\n                    </ul>\n\n                </aside>\n\n                <section class=\"content-section\">\n                        <input type=\"submit\" class=\"btn-green show-menu-btn\" value=\"MENU\">\n                        <h2>HAKKIMIZDA</h2>\n                        <div class=\"bottom-line\"></div>\n                        <p>Lorem ipsum dolor sit amet, consectetur adipisicing elit. Molestias culpa vero itaque maiores enim labore nihil dicta a eveniet corrupti repudiandae iure quaerat veniam, incidunt unde amet ea quis odit officia voluptas at repellat aspernatur. Nesciunt recusandae animi quaerat ex quia aperiam totam veniam. Voluptatem modi dolor sed nulla laborum perspiciatis repudiandae, sapiente iure doloremque dolorum quasi, necessitatibus ratione ad non molestias aliquid veritatis dolorem! Omnis laborum suscipit et voluptatem, saepe repellat harum doloribus. Unde quis numquam atque sequi quam incidunt harum architecto labore, repellendus commodi cumque vero quas ipsum deleniti provident soluta est iste neque dolor et. Facere, quisquam!</p>\n\n                        </div>\n                </section>\n            </div>\n            <br clear=\"all\">\n            <br clear=\"all\">', '2', '0', '1', '0000-00-00 00:00:00', '2014-08-04 20:03:57'), ('22', '22', 'Kurumsal Haberler', '            <div class=\"container clearfix main-page\">\n\n                <aside class=\"green-bg forced-left\">\n                    <input type=\"submit\" class=\"btn-green\" value=\"HIDE MENU\">\n                    <ul>\n                        <li>\n                            <a href=\"/cms/kurumsal-hakkimizda\">HAKKIMIZDA</a>\n                            <ul>\n                                <li><a href=\"/cms/kurumsal-yonetim-takimimiz\">Yönetim Takımımız</a></li>\n                                <li><a href=\"/cms/kurumsal-kalite-politikamiz\">Kalite Politikamız</a></li>\n                                <li><a href=\"/cms/kurumsal-vizyon-ve-misyonumuz\">Vizyon ve Misyonumuz</a></li>\n                            </ul>\n                        </li>\n                        <li class=\"active\"><a href=\"/cms/kurumsal-haberler\">HABERLER</a></li>\n                        <li><a href=\"/cms/kurumsal-basin-odasi\">BASIN ODASI</a></li>\n                        <li><a href=\"/cms/kurumsal-sikca-sorulan-sorular\">SIKÇA SORULAN SORULAR</a></li>\n                        <li><a href=\"/cms/kurumsal-iletisim\">İLETİŞİM</a></li>\n                    </ul>\n\n                </aside>\n\n                <section class=\"content-section\">\n                        <input type=\"submit\" class=\"btn-green show-menu-btn\" value=\"MENU\">\n                        <h2>Haberler</h2>\n                        <div class=\"bottom-line\"></div>\n                        <p>\n                            Lorem Ipsum has been the industry\'s standard dummy text ever since the\n1500s, when an unknown printer took a galley of type and scrambled\nit to make a type specimen book\n                        </p>\n                        <div class=\"news\">\n\n                            <img src=\"http://lorempixel.com/business/130/150/\" alt=\"\">\n                            <h3><b>HABER BAŞLIĞI</b></h3>\n                            <p>Lorem Ipsum is simply dummy text of the printing and typesetting\n                            industry. Lorem Ipsum has been the industry\'s standard dummy\n                            text ever since the 1500s, when an unknown printer took a galley\n                            of type and scrambled it to make a type specimen book.\n                            It has survived not only five centuries, but also the leap into\n                            electronic typesetting, remaining essentially unchanged. </p>\n\n                            <p>It was popularised in the 1960s with the release of Letraset sheets\n                            containing Lorem Ipsum passages, and more recently with\n                            desktop publishing software like Aldus PageMaker including\n                            versions of Lorem Ipsum.</p>\n\n                        </div>\n\n                        <div class=\"news\">\n\n                            <img src=\"http://lorempixel.com/business/130/150/\" alt=\"\">\n                            <h3><b>HABER BAŞLIĞI</b></h3>\n                            <p>Lorem Ipsum is simply dummy text of the printing and typesetting\n                            industry. Lorem Ipsum has been the industry\'s standard dummy\n                            text ever since the 1500s, when an unknown printer took a galley\n                            of type and scrambled it to make a type specimen book.\n                            It has survived not only five centuries, but also the leap into\n                            electronic typesetting, remaining essentially unchanged. </p>\n\n                            <p>It was popularised in the 1960s with the release of Letraset sheets\n                            containing Lorem Ipsum passages, and more recently with\n                            desktop publishing software like Aldus PageMaker including\n                            versions of Lorem Ipsum.</p>\n\n                        </div>\n                </section>\n            </div>\n            <br clear=\"all\">\n            <br clear=\"all\">', '2', '0', '1', '0000-00-00 00:00:00', '2014-08-04 20:03:02'), ('23', '23', 'Kurumsal Basın Odası', '            <div class=\"container clearfix main-page\">\n\n                <aside class=\"green-bg forced-left\">\n                    <input type=\"submit\" class=\"btn-green\" value=\"HIDE MENU\">\n                    <ul>\n                        <li>\n                            <a href=\"/cms/kurumsal-hakkimizda\">HAKKIMIZDA</a>\n                            <ul>\n                                <li><a href=\"/cms/kurumsal-yonetim-takimimiz\">Yönetim Takımımız</a></li>\n                                <li><a href=\"/cms/kurumsal-kalite-politikamiz\">Kalite Politikamız</a></li>\n                                <li><a href=\"/cms/kurumsal-vizyon-ve-misyonumuz\">Vizyon ve Misyonumuz</a></li>\n                            </ul>\n                        </li>\n                        <li><a href=\"/cms/kurumsal-haberler\">HABERLER</a></li>\n                        <li class=\"active\"><a href=\"/cms/kurumsal-basin-odasi\">BASIN ODASI</a></li>\n                        <li><a href=\"/cms/kurumsal-sikca-sorulan-sorular\">SIKÇA SORULAN SORULAR</a></li>\n                        <li><a href=\"/cms/kurumsal-iletisim\">İLETİŞİM</a></li>\n                    </ul>\n                </aside>\n\n                <section class=\"content-section\">\n                        <input type=\"submit\" class=\"btn-green show-menu-btn\" value=\"MENU\">\n                        <h2>Basın Odası</h2>\n                        <div class=\"bottom-line\"></div>\n                        <p>Basılı metaryaller ve basın açıklamaları burada yer alacak.</p>\n                        <div class=\"news\">\n\n                            <img class=\"mt0\" src=\"http://lorempixel.com/business/130/150/\" alt=\"\">\n                            <h3><b>YÜKSEK ÇÖZÜNÜRLÜKLÜ LOGO </b></h3>\n                            <p> Logonun vektör formatı ve baskıya uygun jpeg hallerini indirmek için <a href=\"#\"><b><i>tıklayınız</i></b></a>. </p>\n\n                        </div>\n<br clear=\"all\">\n                        <div class=\"news\">\n                            <h3><b>YENİ BASIN AÇIKLAMAMIZ</b></h3>\n                            <p>Bir konu hakında yapılan basın açıklamasının başlığı ve özetine yer vertilerek doc dökümanı\nve imajlarla birlikte dosyayı <a href=\"#\"><b><i>tıklayarak</i></b></a> indirebilirsiniz. </p>\n                            <p>It was popularised in the 1960s with the release of Letraset sheets\n                            containing Lorem Ipsum passages, and more recently with\n                            desktop publishing software like Aldus PageMaker including\n                            versions of Lorem Ipsum.</p>\n\n                        </div>\n\n                         <div class=\"news\">\n                            <h3><b>İLK BASIN AÇIKLAMAMIZ</b></h3>\n                            <p>Bir konu hakında yapılan basın açıklamasının başlığı ve özetine yer vertilerek doc dökümanı\nve imajlarla birlikte dosyayı <a href=\"#\"><b><i>tıklayarak</i></b></a> indirebilirsiniz. </p>\n\n                            <p>It was popularised in the 1960s with the release of Letraset sheets\n                            containing Lorem Ipsum passages, and more recently with\n                            desktop publishing software like Aldus PageMaker including\n                            versions of Lorem Ipsum.</p>\n\n                        </div>\n                </section>\n            </div>\n            <br clear=\"all\">\n            <br clear=\"all\">', '2', '0', '1', '0000-00-00 00:00:00', '2014-08-04 20:14:52'), ('24', '24', 'Kurumsal Sıkça Sorulan Sorular', '            <div class=\"container clearfix main-page\">\n\n                <aside class=\"green-bg forced-left\">\n                    <input type=\"submit\" class=\"btn-green\" value=\"HIDE MENU\">\n                    <ul>\n                        <li>\n                            <a href=\"/cms/kurumsal-hakkimizda\">HAKKIMIZDA</a>\n                            <ul>\n                                <li><a href=\"/cms/kurumsal-yonetim-takimimiz\">Yönetim Takımımız</a></li>\n                                <li><a href=\"/cms/kurumsal-kalite-politikamiz\">Kalite Politikamız</a></li>\n                                <li><a href=\"/cms/kurumsal-vizyon-ve-misyonumuz\">Vizyon ve Misyonumuz</a></li>\n                            </ul>\n                        </li>\n                        <li><a href=\"/cms/kurumsal-haberler\">HABERLER</a></li>\n                        <li><a href=\"/cms/kurumsal-basin-odasi\">BASIN ODASI</a></li>\n                        <li class=\"active\"><a href=\"/cms/kurumsal-sikca-sorulan-sorular\">SIKÇA SORULAN SORULAR</a></li>\n                        <li><a href=\"/cms/kurumsal-iletisim\">İLETİŞİM</a></li>\n                    </ul>\n\n                </aside>\n\n                <section class=\"content-section\">\n                        <input type=\"submit\" class=\"btn-green show-menu-btn\" value=\"MENU\">\n                        <h2>Sıkça Sorulan Sorular</h2>\n                        <div class=\"bottom-line\"></div>\n            <p>Dinamo Elektrik\'le alakalı sık sorulan sorular burada yer bulacak, bu cümle değişecek.</p>\n                    <br clear=\"all\">\n\n                                        <dl class=\"accordion\">\n\n                        <dt>Tedarikçi firmadan elektrik alan serbest tüketicinin arıza, bakım konularında dağıtım firmaları ayrımcılık yapılabilir mi?</dt>\n                        <dd>TODO: HUKUKTAN ALACAĞIZ CEVABI</dd>\n\n                        <dt>Özel tedarikçiden elektrik satın alınmasında devlet garantisi var mı?</dt>\n                        <dd>Tabii ki. Her tüketici gibi sen de ödemelerini zamanında yaptığın takdirde % 100 devlet garantisi altındasın.</dd>\n\n                        <dt>Herhangi bir sebeple sözleşme fesih olursa elektrik kesintisi yaşar mıyım?</dt>\n                        <dd>Düzenli ödeme yapan hiçbir abone sözleşme feshinden dolayı elektrik kesintisi yaşamaz. Böyle bir durumda kanun gereği bağlı bulunduğun dağıtım şirketinden, eski tarifene göre elektrik almaya devam edebilirsin.</dd>\n\n                        <dt>Evim kiralık, sayaç ev sahibinin üzerine kayıtlı. Sözleşeme imzalayabilir miyim?</dt>\n                        <dd>TODO: HUKUKTAN ALACAĞIZ CEVABI</dd>\n\n                        <dt>Elektrik faturam bana nasıl ulaşacak?</dt>\n                        <dd>Faturan adresine kargo ile gönderilecek. Dinamo Elektrik’ten e-fatura talep ettiğin takdirde faturanın soft hali mailine yollanacak.</dd>\n\n                        <dt>Serbest tüketici kimdir?</dt>\n                        <dd>Serbest tüketici her ay belirli bir limitten fazla elektrik tüketen ve elektrik tedarikçisini seçebilme hakkına sahip gerçek veya tüzel kişiye denir. 2014 yılı itibari ile EPDK tarafından belirlenmiş olan bu limitin aylık fatura tutarı KDV dahil ortalama 135 TL’ye denk gelir.</dd>\n\n                        <dt>Herhangi bir arıza durumunda kimi arayacağım?</dt>\n                        <dd>Serbest tüketicilerin elektrik tesisatlarında oluşan arızaların giderilmesi ve bakımlarının yapılması, tüketicinin bulunduğu bölgedeki elektrik dağıtım şirketinin yetki ve sorumluğunda. Yani arıza durumunda onları araman gerekiyor.</dd>\n\n                        <dt>Elektriği sizden alırsam kesinti yaşar mıyım?</dt>\n                        <dd>Kesinlikle hayır. Elektriği bizden alman durumunda mevcut sisteminde teknik açıdan veya fiziksel olarak değişiklik olmayacak. Kullanımına aynen devam edeceksin.</dd>\n\n                        <dt>Elektriğin kalitesinde herhangi bir değişiklik olur mu?</dt>\n                        <dd>Hayır. Elektriği bizden aldığında da mevcut durumda, bağlı bulunduğun dağıtım şebekesinden aldığın kalitede elektriğin aynısından kullanmaya devam.</dd>\n\n                        <dt>Sayacım değişecek mi?</dt>\n                        <dd>Elektriği bizden alabilmen için sayacının dijital olması gerekiyor. Eger değilse bölgendeki sorumlu dağıtım firması sayacını ücretsiz değiştirecektir. Dijitalse zaten hiçbir değişiklik olmayacak. </dd>\n\n                        <dt>Sayacı kim okuyacak?</dt>\n                        <dd>Elektrik sayaçlarının okunması, mevzuat gereği dağıtım şirketlerinin yetki ve sorumluluğunda bulunuyor. Serbest tüketicilerin sayaçları da bu kapsamda bağlı bulundukları elektrik dağıtım şirketi tarafından okunuyor. Serbest tüketicilerin okunan endeks bilgileri \"Sayaç Okuma Tutanağı\" ile birlikte elektrik tedarikçilerine (yani bize) gönderiliyor ve bir kopyası da tüketiciye (sana) bırakılıyor. </dd>\n\n                        <dt>Faturamı nakit olarak nereye ödeyebilirim?</dt>\n                        <dd>Faturanı Ptt Bank ve Yapı Kredi Bankası gişelerinden nakit olarak ödeyebilirsin.</dd>\n\n                        <dt>Otomatik ödeme veya kredi kartı ile ödeme yapabilir miyim?</dt>\n                        <dd>Tabii ki. Garanti Bankası, Deniz Bank ve Yapı Kredi bankalarından atm, otomatik ödeme, hesaptan ödeme ve kredi kartı ödeme yoluyla fatura ödemeni yapabilirsin.</dd>\n\n                        <dt>Dinamo Elektrik olarak tüm Türkiye\'ye hizmet verilebiliyor musunuz?</dt>\n                        <dd>Evet. Tüm Türkiye’ye hizmet veriyoruz.</dd>\n\n                        <dt>Nasıl başvuru yapabilirim?</dt>\n                        <dd>TODO: CEVAP YOK</dd>\n\n                        <dt>İndirimli elektriği başvuruyu yapar yapmaz almaya başlıyor muyum?</dt>\n                        <dd>İlgili mevzuat gereği abonelik kayıtları aylık dönemlerde yapılıyor. Dolayısıyla indirimli elektriği almaya ayın birinci günü başlayabilirsin. Ayrıca abonelik işlemlerin faturalanmaya başlamadan, en geç bir önceki ayın 4. tamamlanmış olması gerekmektedir. </dd>\n\n                        <dt>Aldığım indirim ne kadar geçerli olacak?</dt>\n                        <dd>Sözleşme sonuna kadar indirim oranın geçerli. </dd>\n\n                        <dt>Elektriği Dinamo-Proper Elektrik’ten alırsam muhatabım kim olacak?</dt>\n                        <dd>Her türlü iletişim ihtiyacında muhatabın Dinamo-Proper Elektrik olacak.</dd>\n\n                    </dl>\n                 </section>\n            </div>\n            <br clear=\"all\">\n            <br clear=\"all\">', '2', '0', '1', '0000-00-00 00:00:00', '2014-08-04 20:16:20'), ('25', '25', 'Kurumsal İletişim', '            <div class=\"container clearfix main-page\">\n\n                <aside class=\"green-bg forced-left\">\n                    <input type=\"submit\" class=\"btn-green\" value=\"HIDE MENU\">\n                    <ul>\n                        <li>\n                            <a href=\"/cms/kurumsal-hakkimizda\">HAKKIMIZDA</a>\n                            <ul>\n                                <li><a href=\"/cms/kurumsal-yonetim-takimimiz\">Yönetim Takımımız</a></li>\n                                <li><a href=\"/cms/kurumsal-kalite-politikamiz\">Kalite Politikamız</a></li>\n                                <li><a href=\"/cms/kurumsal-vizyon-ve-misyonumuz\">Vizyon ve Misyonumuz</a></li>\n                            </ul>\n                        </li>\n                        <li><a href=\"/cms/kurumsal-haberler\">HABERLER</a></li>\n                        <li><a href=\"/cms/kurumsal-basin-odasi\">BASIN ODASI</a></li>\n                        <li><a href=\"/cms/kurumsal-sikca-sorulan-sorular\">SIKÇA SORULAN SORULAR</a></li>\n                        <li class=\"active\"><a href=\"/cms/kurumsal-iletisim\">İLETİŞİM</a></li>\n                    </ul>\n\n                </aside>\n\n                    <section class=\"content-section\">\n                        <input type=\"submit\" class=\"btn-green show-menu-btn\" value=\"MENU\">\n                        <h2>İletişim</h2>\n                        <div class=\"bottom-line\"></div>\n                        <p>Esentepe Mah. Kasap Sok. Ozden Konak Apt. Kat:1 Daire:1 Şişli,<br clear=\"all\">İstanbul - Türkiye</p>\n                        <br clear=\"all\"><br clear=\"all\">\n                        <p><b>Telefon:</b> +90 212 347 5151(pbx)   -   <b>Faks:</b> +90 212 347 51 65<br clear=\"all\">\n                        <b>E-posta:</b> info@dinamoelektrik.com</p>\n\n                        <div class=\"phone\">0 800 700 60 50</div>\n\n                        <form action=\"\" class=\"bb-form pl0\">\n                            <div class=\"row\">\n                                <div class=\"col2 right-indent full-width-480\">\n                                    <label for=\"ad-soyad\">Ad Soyad:</label>\n                                    <input type=\"text\" id=\"ad-soyad\" name=\"ad-soyad\" placeholder=\"Ad Soyad\">\n                                </div>\n                            </div>\n\n                            <div class=\"row\">\n                                <div class=\"col2 right-indent full-width-480\">\n                                    <label for=\"eposta\">E-Posta Adresi:</label>\n                                    <input type=\"email\" id=\"eposta\" name=\"eposta\" class=\"mid\" placeholder=\"E-Posta Adresi\">\n                                </div>\n                            </div>\n                            <div class=\"row\">\n                                <div class=\"col2 right-indent full-width-480\">\n                                    <label for=\"konu\">Konu:</label>\n                                    <select id=\"konu\" name=\"konu\" class=\"select\">\n                                       <option>Seçiniz</option>\n                                       <option value=\"1\">sfasf</option>\n                                       <option value=\"2\">sad</option>\n                                       <option value=\"3\">sdsa</option>\n                                       <option value=\"4\">sadsa sd</option>\n                                    </select>\n                                </div>\n                            </div>\n                            <div class=\"row\">\n                                <label for=\"msj\">Adres:</label>\n                                <textarea name=\"msj\" id=\"msj\" cols=\"30\" rows=\"10\" placeholder=\"Mesajınız\"></textarea>\n                            </div>\n                            <div class=\"row\">\n                                <input type=\"submit\" class=\"btn-green\" value=\"GÖNDER\">\n                            </div>\n                        </form>\n                    </section>\n            </div>\n            <br clear=\"all\">\n            <br clear=\"all\">', '2', '0', '1', '0000-00-00 00:00:00', '2014-08-04 20:04:19'), ('26', '26', 'Kurumsal Anasayfa', '            <div class=\"container\">\n                <div class=\"cycle-slideshow\">\n                    <button class=\"prev\" data-cycle-cmd=\"prev\">Prev</button>\n                    <div class=\"cycle-overlay\"></div>\n                    <img src=\"/media/cms/slider1.jpg\" data-cycle-title=\"Yaşam tarzınıza uygun elektrik!\" data-cycle-desc=\"Dinamo, ihtiyaçlarınıza uygun elektriği hiçbir altyapı değişikliği gerekmeden size sunuyor. \">\n                    <img src=\"http://lorempixel.com/940/500/technics/1/\" data-cycle-title=\"Redwoods\" data-cycle-desc=\"Muir Woods National Monument\">\n                    <img src=\"http://lorempixel.com/940/500/technics/2/\" data-cycle-title=\"Angel Island\" data-cycle-desc=\"San Franscisco Bay\">\n                    <img src=\"http://lorempixel.com/940/500/technics/3/\" data-cycle-title=\"Raquette Lake\" data-cycle-desc=\"Adirondack State Park\">\n                    <div class=\"cycle-pager\"></div>\n                    <button class=\"next\" data-cycle-cmd=\"next\">Next</button>\n                </div>\n                <hr>\n            </div>\n            <section class=\"container clearfix not-white\">\n                <div class=\"col-3-2 mr10 left\">\n                    <img src=\"/media/cms/elektrik-hesapla.jpg\" alt=\"\">\n                    <div class=\"text\" id=\"bosk\">\n                        <h3><b>Ekonomik <br> Elektrik</b> Hesaplama!</h3>\n                        <p>Mevcut tüketim bilgilerinizi girin, size\n                        en uygun olanı seçin ve ne kadar kazanacağınızı görün!</p>\n                        <br>\n\n                        <input type=\"text\" placeholder=\"00.0\" class=\"homeTariff\" id=\"kurumsalHesapla\" value=\"\">\n                        <br clear=\"all\">\n\n                        <select class=\"select\" id=\"kurumsalTarife\">\n                           <option>Tarifeni Seç</option>n>\n                        </select>\n                        <br clear=\"all\">\n                        <br clear=\"all\">\n\n\n                        <a href=\"#\" class=\"btn-green\" id=\"kurumsalHesaplaBtn\">HESAPLA</a>\n\n                    </div>\n                    <div class=\"text\" id=\"doluk\">\n                        <h3><b>Ekonomik <br> Elektrik</b> Hesaplama!</h3>\n                        <p>Mevcut tüketim bilgilerinizi girin, size\n                        en uygun olanı seçin ve ne kadar kazanacağınızı görün!</p>\n                        <br clear=\"all\">\n                        <br clear=\"all\">\n\n                        <p>Tarife: <b>SABİT TARİFE</b></p>\n                        <p>Dinamo ile elde edeceğiniz kar:</p>\n                        <p><b class=\"fz26\">2.56 tl</b> <a class=\"green ml10\" href=\"#\" id=\"kurumsalYeniden\"><b>Yeniden Hesapla</b></a></p>\n\n                        <br clear=\"all\">\n                        <br clear=\"all\">\n\n\n                        <a href=\"bireysel-hemen-basvur\" class=\"btn-green\">HEMEN BAŞVUR</a>\n\n                    </div>\n                </div>\n                <div class=\"col-3-1 ml10 right\">\n                    <img src=\"/media/cms/nasil-katilirim.jpg\" alt=\"\">\n                    <div class=\"text\">\n                        <h3><b>Nasıl</b> Katılırım?</h3>\n                        <p>Serbest tüketici olmanız ve başka\n                        bir tedarikçi ile sözleşmenizin\n                        olmaması yeterli.</p>\n                        <br clear=\"all\">\n                        <a href=\"/cms/kurumsal-hemen-basvur\" class=\"btn-green left\">HEMEN BAŞVUR</a>\n                    </div>\n                </div>\n                <br clear=\"all\">\n                <hr>\n                <div class=\"happy-client clearfix\">\n                    <div class=\"col-4-2\">\n                        <h3>TWITTER</h3>\n                        <p>Lorem ipsum dolor sit amet, consectetur adipisicing elit. Minus repellendus ab ipsum vero quisquam est, praesentium nam neque eaque veniam assumenda rem.</p>\n                        <div class=\"profile\">\n                            <img src=\"http://lorempixel.com/gray/45/45/people/1/\" alt=\"\">\n                            <span class=\"name\">Tarkan</span>\n                            <span class=\"nick\">@MegaStar</span>\n                        </div>\n                    </div>\n                    <div class=\"col-4-1 green-bg\">\n                        <h3>TWITTER</h3>\n                         <p>Repellendus consectetur nihil, nemo deserunt molestiae ab ducimus.</p>\n                         <div class=\"profile\">\n                            <img src=\"http://lorempixel.com/gray/45/45/people/2/\" alt=\"\">\n                            <span class=\"name\">Sinan Afra</span>\n                            <span class=\"nick\">@CEO_markafoni</span>\n                        </div>\n                    </div>\n                    <div class=\"col-4-1\">\n                        <h3>TWITTER</h3>\n                        <p>\"Sint libero voluptate reprehenderit a, quasi aperiam\", doloribus esse error suscipit.</p>\n                        <div class=\"profile\">\n                            <img src=\"http://lorempixel.com/gray/45/45/people/3/\" alt=\"\">\n                            <span class=\"name\">Geyik Kafe </span>\n                            <span class=\"nick\">@kafeGeyik</span>\n                        </div>\n\n                    </div>\n                </div>\n                <br clear=\"all\">\n                <br clear=\"all\">\n\n            </section>                <div class=\"cycle-slideshow\">\n                    <button class=\"prev\" data-cycle-cmd=\"prev\">Prev</button>\n                    <div class=\"cycle-overlay\"></div>\n                    <img src=\"/media/cms/slider1.jpg\" data-cycle-title=\"Yaşam tarzınıza uygun elektrik!\" data-cycle-desc=\"Dinamo, ihtiyaçlarınıza uygun elektriği hiçbir altyapı değişikliği gerekmeden size sunuyor. \">\n                    <img src=\"http://lorempixel.com/940/500/technics/1/\" data-cycle-title=\"Redwoods\" data-cycle-desc=\"Muir Woods National Monument\">\n                    <img src=\"http://lorempixel.com/940/500/technics/2/\" data-cycle-title=\"Angel Island\" data-cycle-desc=\"San Franscisco Bay\">\n                    <img src=\"http://lorempixel.com/940/500/technics/3/\" data-cycle-title=\"Raquette Lake\" data-cycle-desc=\"Adirondack State Park\">\n                    <div class=\"cycle-pager\"></div>\n                    <button class=\"next\" data-cycle-cmd=\"next\">Next</button>\n                </div>\n                <hr>\n            </div>\n            <section class=\"container clearfix not-white\">\n                <div class=\"col-3-2 mr10 left\">\n                    <img src=\"/media/cms/elektrik-hesapla.jpg\" alt=\"\">\n                    <div class=\"text\">\n                        <h3><b>Ekonomik <br> Elektrik</b> Hesaplama!</h3>\n                        <p>Mevcut tüketim bilgilerinizi girin, size\n                        en uygun olanı seçin ve ne kadar kazanacağınızı görün!</p>\n                        <br>\n\n                        <input type=\"text\" placeholder=\"00.0\" class=\"homeTariff\">\n                        <br clear=\"all\">\n\n                        <select class=\"select\">\n                           <option>Tarifeni Seç</option>\n                           <option value=\"1\">Gece Kuşu</option>\n                           <option value=\"2\">Gündüz Günü</option>\n                           <option value=\"3\">Aylık</option>\n                           <option value=\"4\">Peşin Çalışan</option>\n                        </select>\n                        <br clear=\"all\">\n                        <br clear=\"all\">\n\n\n                        <a href=\"#\" class=\"btn-green\">HESAPLA</a>\n\n                    </div>\n                </div>\n                <div class=\"col-3-1 ml10 right\">\n                    <img src=\"/media/cms/nasil-katilirim.jpg\" alt=\"\">\n                    <div class=\"text\">\n                        <h3><b>Nasıl</b> Katılırım?</h3>\n                        <p>Serbest tüketici olmanız ve başka\n                        bir tedarikçi ile sözleşmenizin\n                        olmaması yeterli.</p>\n                        <br clear=\"all\">\n                        <a href=\"/cms/kurumsal-hemen-basvur\" class=\"btn-green left\">HEMEN BAŞVUR</a>\n                    </div>\n                </div>\n                <br clear=\"all\">\n                <hr>\n                <div class=\"happy-client clearfix\">\n                    <div class=\"col-4-2\">\n                        <h3>TWITTER</h3>\n                        <p>Lorem ipsum dolor sit amet, consectetur adipisicing elit. Minus repellendus ab ipsum vero quisquam est, praesentium nam neque eaque veniam assumenda rem.</p>\n                        <div class=\"profile\">\n                            <img src=\"http://lorempixel.com/gray/45/45/people/1/\" alt=\"\">\n                            <span class=\"name\">Tarkan</span>\n                            <span class=\"nick\">@MegaStar</span>\n                        </div>\n                    </div>\n                    <div class=\"col-4-1 green-bg\">\n                        <h3>TWITTER</h3>\n                         <p>Repellendus consectetur nihil, nemo deserunt molestiae ab ducimus.</p>\n                         <div class=\"profile\">\n                            <img src=\"http://lorempixel.com/gray/45/45/people/2/\" alt=\"\">\n                            <span class=\"name\">Sinan Afra</span>\n                            <span class=\"nick\">@CEO_markafoni</span>\n                        </div>\n                    </div>\n                    <div class=\"col-4-1\">\n                        <h3>TWITTER</h3>\n                        <p>\"Sint libero voluptate reprehenderit a, quasi aperiam\", doloribus esse error suscipit.</p>\n                        <div class=\"profile\">\n                            <img src=\"http://lorempixel.com/gray/45/45/people/3/\" alt=\"\">\n                            <span class=\"name\">Geyik Kafe </span>\n                            <span class=\"nick\">@kafeGeyik</span>\n                        </div>\n\n                    </div>\n                </div>\n                <br clear=\"all\">\n                <br clear=\"all\">\n\n            </section>', '2', '1', '1', '0000-00-00 00:00:00', '2014-08-04 22:06:59'), ('27', '27', 'Bayimiz Olun Başvuru', '<div class=\"container clearfix main-page\">\n                <section class=\"content-section ignore-strict-width\">\n                    <form action=\"\" class=\"bb-form\">\n\n                        <h2>Bayimiz Olun</h2>\n                        <hr class=\"green\">\n\n                        <div class=\"row\">\n                            <div class=\"col\"><input type=\"radio\" id=\"bayi-sahis\" name=\"bayi\" value=\"bayi-sahis\"/> <label for=\"bayi-sahis\"><span></span>Şahıs</label></div>\n                            <div class=\"col\"><input type=\"radio\" id=\"bayi-kurum\" name=\"bayi\" value=\"bayi-kurum\"/> <label for=\"bayi-kurum\"><span></span>Şirket</label></div>\n\n                        </div>\n\n                        <div class=\"row\">\n                            <div class=\"col2 right-indent full-width-480\">\n                                <label for=\"ad-soyad\">Ad Soyad:</label>\n                                <input type=\"text\" id=\"ad-soyad\" name=\"ad-soyad\" placeholder=\"Ad Soyad\">\n                            </div>\n                        </div>\n                        <div class=\"row\">\n                            <div class=\"col2 right-indent full-width-480\">\n                                <label for=\"tckn\">TC Kimlik Numarası:</label>\n                                <input type=\"text\" id=\"tckn\" name=\"tckn\" placeholder=\"TC Kimlik Numarası\">\n                            </div>\n                        </div>\n                        <div class=\"row\">\n                            <div class=\"col2 right-indent full-width-480\">\n                                <label for=\"mobil\">Mobil Telefon:</label>\n                                <input type=\"tel\" id=\"mobil\" name=\"mobil\" placeholder=\"Mobil Telefon\">\n                            </div>\n                        </div>\n                        <div class=\"row\">\n                            <div class=\"col2 right-indent full-width-480\">\n                                <label for=\"eposta\">E-Posta Adresi:</label>\n                                <input type=\"email\" id=\"eposta\" name=\"eposta\" class=\"mid\" placeholder=\"E-Posta Adresi\">\n                            </div>\n                        </div>\n                        <div class=\"row\">\n                            <div class=\"col2 right-indent\">\n                                <label for=\"il\">İl Seçiniz:</label>\n                                <select id=\"il\" name=\"il\" class=\"select\">\n                                   <option>Seçiniz</option>\n                                   <option value=\"1\">sfasf</option>\n                                   <option value=\"2\">sad</option>\n                                   <option value=\"3\">sdsa</option>\n                                   <option value=\"4\">sadsa sd</option>\n                                </select>\n                            </div><div class=\"col2 left-indent\">\n                                <label for=\"ilce\">İlçe Seçiniz:</label>\n                                <select id=\"ilce\" name=\"ilce\" class=\"select\">\n                                   <option>Seçiniz</option>\n                                   <option value=\"1\">safa asf</option>\n                                   <option value=\"2\">Gdadsa</option>\n                                   <option value=\"3\">asdsa</option>\n                                   <option value=\"4\">sadasd</option>\n                                </select>\n                            </div>\n                        </div>\n                        <div class=\"row\">\n                        <label for=\"adres\">Adres:</label>\n                            <textarea name=\"adres\" id=\"adres\" cols=\"30\" rows=\"10\" placeholder=\"Adres\"></textarea>\n                        </div>\n                        <div class=\"row\">\n                        <label for=\"aciklama\">Açıklama:</label>\n                            <textarea name=\"aciklama\" id=\"aciklama\" cols=\"30\" rows=\"10\" placeholder=\"Açıklama\"></textarea>\n                        </div>\n\n                        <div class=\"row\">\n                            <input type=\"submit\" class=\"btn-green\" value=\"DEVAM ET\">\n                        </div>\n                    </form>\n                </section>\n            </div>\n', null, '0', '1', '0000-00-00 00:00:00', '2014-08-04 18:44:24'), ('28', '28', 'Bireysel Başvuru Fatura Bilgileri', '<div class=\"container clearfix main-page\">\n                <section class=\"content-section ignore-strict-width\">\n                    <form action=\"post.php?q=bireyselStepTwo\" class=\"bb-form\">\n\n                        <h2>Bireysel<br> Başvuru Formu</h2>\n                        <hr class=\"green\">\n                        <!--<nav class=\"steps\">\n                            <ul>\n                                <li class=\"past\"><a href=\"#\"><span class=\"dinamo-icon-Kisisel-Bilgiler\"></span> Kişisel Bilgiler</a></li>\n                                <li class=\"active\"><a href=\"#\"><span class=\"dinamo-icon-Fatura-Bilgileri\"></span>Fatura Bilgileri</a></li>\n                                <li><a href=\"#\"><span class=\"dinamo-icon-Tarifeler\"></span>Tarife Seç</a></li>\n                                <li><a href=\"#\"><span class=\"dinamo-icon-Ziyaret\"></span>Ziyaret Zamanı</a></li>\n                            </ul>\n                        </nav>-->\n                        <ul id=\"steps\">\n                            <li class=\"passed dinamo-icon-Kisisel-Bilgiler\"><a href=\"\">Kişisel Bilgiler</a></li><li class=\"active dinamo-icon-Fatura-Bilgileri\"><a href=\"\">Fatura Bilgileri</a></li><li class=\"dinamo-icon-Tarifeler\"><a href=\"\">Tarife Seç</a></li><li class=\"dinamo-icon-Ziyaret\"><a href=\"\">Ziyaret Zamanı</a></li>\n                        </ul>\n                        <div class=\"left left-col\">\n                            <div class=\"row\">\n                                <label for=\"dagitim-sirketi\">Dağıtım Şirketi Adı:</label>\n                                <select id=\"dagitim-sirketi\" name=\"dagitim-sirketi\" class=\"select\">\n                                   <option>Seçiniz</option>on>\n                                </select>\n                            </div>\n                            <div class=\"row\">\n                                <label for=\"tedarikci-sirketi\">Tedarikçi Şirketi Adı:</label>\n                                <select id=\"tedarikci-sirketi\" name=\"tedarikci-sirketi\" class=\"select\">\n                                   <option>Seçiniz</option>\n                                </select>\n                            </div>\n                            <div class=\"row\">\n                                <label for=\"isletme-kodu\">İşletme Kodu:</label>\n                                <input class=\"map-to\" type=\"text\" id=\"isletme-kodu\" name=\"tedarikci-sirketi\" placeholder=\"İşletme Kodu\" data-href=\"map-isletme-kodu\">\n                            </div>\n                            <div class=\"row\">\n                                <label for=\"abone-no\">Abone / Tesisat No:</label>\n                                <input class=\"map-to\" type=\"number\" id=\"abone-no\" name=\"abone-no\" placeholder=\"Abone / Tesisat No:\" data-href=\"map-abone-no\">\n                            </div>\n                            <div class=\"row\">\n                                <label for=\"tarife-kodu\">Tarife Kodu:</label>\n                                <input class=\"map-to\" type=\"text\" id=\"tarife-kodu\" placeholder=\"Tarife Kodu\" data-href=\"map-tarife-kodu\">\n                            </div>\n                            <div class=\"row\">\n                                <label for=\"abone-grubu\">Abone Grubu:</label>\n                                <select id=\"abone-grubu\" name=\"abone-grubu\" class=\"select abone-grubu\" data-href=\"map-abone-grubu\">\n                                   <option>Seçiniz</option>\n                                  \n                                </select>\n                            </div>\n                            <div class=\"row\">\n                                <label for=\"aktif-sayac-seri-no\">Aktif Sayaç Seri No:</label>\n                                <input class=\"map-to\" type=\"text\" id=\"aktif-sayac-seri-no\" name=\"aktif-sayac-seri-no\" placeholder=\"Aktif Sayaç Seri No\" data-href=\"map-aktif-sayac-seri-no\">\n                            </div>\n                            <div class=\"row\">\n                                <label for=\"endüktif-sayac-seri-no\">Endüktif Sayaç Seri No:</label>\n                                <input class=\"map-to\" type=\"text\" id=\"endüktif-sayac-seri-no\" name=\"endüktif-sayac-seri-no\" placeholder=\"Endüktif Sayaç Seri No\" data-href=\"map-aktif-sayac-seri-no\">\n                            </div>\n                            <div class=\"row\">\n                                <label for=\"sayac-carpani\">Sayaç Çarpanı:</label>\n                                <input class=\"map-to\" type=\"number\" id=\"sayac-carpani\" name=\"sayac-carpani\" placeholder=\"Sayaç Çarpanı\" data-href=\"map-sayac-carpani\">\n                            </div>\n                           \n\n                        </div>\n                        <div id=\"fatura\">\n                            <div class=\"fatura-bg-image\"></div>\n                            <div id=\"map-isletme-kodu\" class=\"hide\"><span class=\"fatura-highlight\"> </span></div>\n                            <div id=\"map-abone-no\" class=\"hide\"><span class=\"fatura-highlight\"> </span></div>\n                            <div id=\"map-tarife-kodu\" class=\"hide\"><span class=\"fatura-highlight\"> </span></div>\n                            <div id=\"map-abone-grubu\" class=\"hide\"><span class=\"fatura-highlight\"> </span></div>\n                            <div id=\"map-aktif-sayac-seri-no\" class=\"hide\"><span class=\"fatura-highlight-big\"> </span></div>\n                            <div id=\"map-sayac-carpani\" class=\"hide\"><span class=\"fatura-highlight-big\"> </span></div>\n                         \n                        </div>\n                        <div class=\"clearfix\"></div>\n                        <div class=\"row\">\n                            <input type=\"submit\" class=\"btn-green\" value=\"DEVAM ET\" id=\"bireyselTwo\">\n                        </div>\n\n                    </form>\n\n                </section>\n            </div>\n            <br clear=\"all\">\n            <br clear=\"all\">                <section class=\"content-section ignore-strict-width\">\n                    <form action=\"\" class=\"bb-form\">\n\n                        <h2>Bireysel<br> Başvuru Formu</h2>\n                        <hr class=\"green\">\n                        <!--<nav class=\"steps\">\n                            <ul>\n                                <li class=\"past\"><a href=\"#\"><span class=\"dinamo-icon-Kisisel-Bilgiler\"></span> Kişisel Bilgiler</a></li>\n                                <li class=\"active\"><a href=\"#\"><span class=\"dinamo-icon-Fatura-Bilgileri\"></span>Fatura Bilgileri</a></li>\n                                <li><a href=\"#\"><span class=\"dinamo-icon-Tarifeler\"></span>Tarife Seç</a></li>\n                                <li><a href=\"#\"><span class=\"dinamo-icon-Ziyaret\"></span>Ziyaret Zamanı</a></li>\n                            </ul>\n                        </nav>-->\n                        <ul id=\"steps\">\n                            <li class=\"passed dinamo-icon-Kisisel-Bilgiler\"><a href=\"\">Kişisel Bilgiler</a></li><li class=\"active dinamo-icon-Fatura-Bilgileri\"><a href=\"\">Fatura Bilgileri</a></li><li class=\"dinamo-icon-Tarifeler\"><a href=\"\">Tarife Seç</a></li><li class=\"dinamo-icon-Ziyaret\"><a href=\"\">Ziyaret Zamanı</a></li>\n                        </ul>\n                        <div class=\"left left-col\">\n                            <div class=\"row\">\n                                <label for=\"dagitim-sirketi\">Dağıtım Şirketi Adı:</label>\n                                <select id=\"dagitim-sirketi\" name=\"dagitim-sirketi\" class=\"select\">\n                                   <option>Seçiniz</option>on>\n                                </select>\n                            </div>\n                            <div class=\"row\">\n                                <label for=\"tedarikci-sirketi\">Tedarikçi Şirketi Adı:</label>\n                                <select id=\"tedarikci-sirketi\" name=\"tedarikci-sirketi\" class=\"select\">\n                                   <option>Seçiniz</option>\n                                </select>\n                            </div>\n                            <div class=\"row\">\n                                <label for=\"isletme-kodu\">İşletme Kodu:</label>\n                                <input class=\"map-to\" type=\"text\" id=\"isletme-kodu\" name=\"tedarikci-sirketi\" placeholder=\"İşletme Kodu\" data-href=\"map-isletme-kodu\">\n                            </div>\n                            <div class=\"row\">\n                                <label for=\"abone-no\">Abone / Tesisat No:</label>\n                                <input class=\"map-to\" type=\"number\" id=\"abone-no\" name=\"abone-no\" placeholder=\"Abone / Tesisat No:\" data-href=\"map-abone-no\">\n                            </div>\n                            <div class=\"row\">\n                                <label for=\"tarife-kodu\">Tarife Kodu:</label>\n                                <input class=\"map-to\" type=\"text\" id=\"tarife-kodu\" placeholder=\"Tarife Kodu\" data-href=\"map-tarife-kodu\">\n                            </div>\n                            <div class=\"row\">\n                                <label for=\"abone-grubu\">Abone Grubu:</label>\n                                <select id=\"abone-grubu\" name=\"abone-grubu\" class=\"select abone-grubu\" data-href=\"map-abone-grubu\">\n                                   <option>Seçiniz</option>\n                                  \n                                </select>\n                            </div>\n                            <div class=\"row\">\n                                <label for=\"aktif-sayac-seri-no\">Aktif Sayaç Seri No:</label>\n                                <input class=\"map-to\" type=\"text\" id=\"aktif-sayac-seri-no\" name=\"aktif-sayac-seri-no\" placeholder=\"Aktif Sayaç Seri No\" data-href=\"map-aktif-sayac-seri-no\">\n                            </div>\n                            <div class=\"row\">\n                                <label for=\"endüktif-sayac-seri-no\">Endüktif Sayaç Seri No:</label>\n                                <input class=\"map-to\" type=\"text\" id=\"endüktif-sayac-seri-no\" name=\"endüktif-sayac-seri-no\" placeholder=\"Endüktif Sayaç Seri No\" data-href=\"map-aktif-sayac-seri-no\">\n                            </div>\n                            <div class=\"row\">\n                                <label for=\"sayac-carpani\">Sayaç Çarpanı:</label>\n                                <input class=\"map-to\" type=\"number\" id=\"sayac-carpani\" name=\"sayac-carpani\" placeholder=\"Sayaç Çarpanı\" data-href=\"map-sayac-carpani\">\n                            </div>\n                           \n\n                        </div>\n                        <div id=\"fatura\">\n                            <div class=\"fatura-bg-image\"></div>\n                            <div id=\"map-isletme-kodu\" class=\"hide\"><span class=\"fatura-highlight\"> </span></div>\n                            <div id=\"map-abone-no\" class=\"hide\"><span class=\"fatura-highlight\"> </span></div>\n                            <div id=\"map-tarife-kodu\" class=\"hide\"><span class=\"fatura-highlight\"> </span></div>\n                            <div id=\"map-abone-grubu\" class=\"hide\"><span class=\"fatura-highlight\"> </span></div>\n                            <div id=\"map-aktif-sayac-seri-no\" class=\"hide\"><span class=\"fatura-highlight-big\"> </span></div>\n                            <div id=\"map-sayac-carpani\" class=\"hide\"><span class=\"fatura-highlight-big\"> </span></div>\n                         \n                        </div>\n                        <div class=\"clearfix\"></div>\n                        <div class=\"row\">\n                            <input type=\"submit\" class=\"btn-green\" value=\"DEVAM ET\" id=\"bireyselTwo\">\n                        </div>\n\n                    </form>\n\n                </section>\n            </div>\n            <br clear=\"all\">\n            <br clear=\"all\">', '1', '0', '1', '0000-00-00 00:00:00', '2014-08-04 23:40:23'), ('29', '29', 'Bireysel Başvuru Tarife Seç', '<div class=\"container clearfix main-page\">\n                <section class=\"content-section ignore-strict-width\">\n                    <form action=\"post.php?q=bireselStepTree\" class=\"bb-form clearfix\">\n\n                        <h2>Bireysel<br> Başvuru Formu</h2>\n                        <hr class=\"green\">\n                        <!--<nav class=\"steps\">\n                            <ul>\n                                <li class=\"past\"><a href=\"#\"><span class=\"dinamo-icon-Kisisel-Bilgiler\"></span> Kişisel Bilgiler</a></li>\n                                <li class=\"past\"><a href=\"#\"><span class=\"dinamo-icon-Fatura-Bilgileri\"></span>Fatura Bilgileri</a></li>\n                                <li class=\"active\"><a href=\"#\"><span class=\"dinamo-icon-Tarifeler\"></span>Tarife Seç</a></li>\n                                <li><a href=\"#\"><span class=\"dinamo-icon-Ziyaret\"></span>Ziyaret Zamanı</a></li>\n                            </ul>\n                        </nav>-->\n                        <ul id=\"steps\">\n                            <li class=\"passed dinamo-icon-Kisisel-Bilgiler\"><a href=\"\">Kişisel Bilgiler</a></li><li class=\"passed dinamo-icon-Fatura-Bilgileri\"><a href=\"\">Fatura Bilgileri</a></li><li class=\"active dinamo-icon-Tarifeler\"><a href=\"\">Tarife Seç</a></li><li class=\"dinamo-icon-Ziyaret\"><a href=\"\">Ziyaret Zamanı</a></li>\n                        </ul>\n\n                        <div class=\"compare-box green\">\n                            <h3><b>Tarife</b><br> Sihirbazı</h3>\n                            <p>Abone numaranızı girin ve kullanım değerlerinize göre size en uygun faturayı birlikte oluşturalım. </p>\n                            <p>Lorem ipsum dolor sit amet, consectetur adipisicing elit. Optio id omnis dolor enim ad ab eum est itaque libero nostrum, incidunt similique accusamus modi, perspiciatis, mollitia sunt reprehenderit ea voluptas aut fugit?</p>\n                            <a class=\"btn-black left\" href=\"#\">Tarife Oluştur</a>\n\n\n                        </div>\n\n                        <div class=\"compare-box\">\n                            <div class=\"close\"><a href=\"#\">x</a></div>\n                            <h3><b>Sabit</b> Tarife</h3>\n                            <img src=\"/media/cms/tarife-sabit.jpg\" alt=\"\">\n                            <a href=\"javascript:void(0)\" class=\"btn-green schedule-details-link\" data-id=\"1\">Tarife Detayları</a>\n                            <div class=\"row\">\n                                <div class=\"left\"><input type=\"checkbox\" id=\"tarife-sabit\" name=\"tarife-sabit\" value=\"tarife-sabit\"/> <label for=\"tarife-sabit\"><span></span>Tarifeyi Seç</label></div>\n                                 <div class=\"left\"><input type=\"checkbox\" id=\"karsilastir-sabit\" name=\"karsilastir-sabit\" value=\"karsilastir-sabit\"/> <label for=\"karsilastir-sabit\"><span></span>Karşılaştır</label></div>\n                            </div>\n\n                        </div>\n                        <div class=\"schedule\">\n                            <div class=\"schedule-details\" data-id=\"1\">\n                                <ul class=\"tab-menu\">\n                                    <li class=\"col3-1\"><a href=\"javascript:void(0)\" class=\"active\">Avantajlar</a></li>\n                                    <li class=\"col3-1\"><a href=\"javascript:void(0)\">Şartlar</a></li>\n                                    <li class=\"col3-1\"><a href=\"javascript:void(0)\">Fiyatlar</a></li>\n                                </ul>\n                                <div id=\"tab-content\">\n                                    <div class=\"tab\" id=\"tab1\">\n                                        <ul>\n                                            <li>Lorem ipsum dolor sit amet.</li>\n                                            <li>Doloremque reprehenderit pariatur similique, ipsa?</li>\n                                            <li>Repellendus earum illo officia ullam!</li>\n                                            <li>Explicabo nulla, eaque odit reiciendis!</li>\n                                            <li>Dolorem iusto nemo necessitatibus laboriosam.</li>\n                                            <li>Cupiditate a doloremque facere molestias.</li>\n                                            <li>Cum iste, maiores distinctio expedita.</li>\n                                            <li>Voluptatum perspiciatis, maiores temporibus. Assumenda.</li>\n                                        </ul>\n                                        <a href=\"#\" class=\"btn-green\">HEMEN BAŞVUR</a>\n                                    </div>\n                                    <div class=\"tab\" id=\"tab2\">\n                                        Lorem ipsum dolor sit amet, consectetur adipisicing elit. Voluptate iste ratione placeat repudiandae delectus quis quae quaerat, accusantium nam. Consequuntur sint, impedit ratione. Hic ab consectetur illo iusto, sunt rerum!\n                                    </div>\n                                </div>\n                            </div>\n                        </div>\n\n\n                        <div class=\"compare-box\">\n                            <div class=\"close\"><a href=\"javascript:void(0)\">x</a></div>\n                            <h3><b>Zamlanmayan</b> Tarife</h3>\n                            <img src=\"/media/cms/tarife-zamlanmayan.jpg\" alt=\"\">\n                            <a href=\"javascript:void(0)\" class=\"btn-green schedule-details-link\" data-id=\"2\">Tarife Detayları</a>\n                            <div class=\"row\">\n                                <div class=\"left\"><input type=\"checkbox\" id=\"tarife-zamlanmayan\" name=\"tarife-zamlanmayan\" value=\"tarife-zamlanmayan\"/> <label for=\"tarife-zamlanmayan\"><span></span>Tarifeyi Seç</label></div>\n                                 <div class=\"left\"><input type=\"checkbox\" id=\"karsilastir-zamlanmayan\" name=\"karsilastir-zamlanmayan\" value=\"karsilastir-zamlanmayan\"/> <label for=\"karsilastir-zamlanmayan\"><span></span>Karşılaştır</label></div>\n                            </div>\n                        </div>\n\n\n                        <div class=\"compare-box\">\n                            <div class=\"close\"><a href=\"javascript:void(0)\">x</a></div>\n                            <h3><b>Unutkan</b> Tarife</h3>\n                            <img src=\"/media/cms/tarife-unutkan.jpg\" alt=\"\">\n                            <a href=\"javascript:void(0)\" class=\"btn-green schedule-details-link\" data-id=\"3\">Tarife Detayları</a>\n                            <div class=\"row\">\n                                <div class=\"left\"><input type=\"checkbox\" id=\"tarife-unutkan\" name=\"tarife-unutkan\" value=\"tarife-unutkan\"/> <label for=\"tarife-unutkan\"><span></span>Tarifeyi Seç</label></div>\n                                 <div class=\"left\"><input type=\"checkbox\" id=\"karsilastir-unutkan\" name=\"karsilastir-unutkan\" value=\"karsilastir-unutkan\"/> <label for=\"karsilastir-unutkan\"><span></span>Karşılaştır</label></div>\n                            </div>\n                        </div>\n\n                       <div class=\"schedule\">\n                            <div class=\"schedule-details\" data-id=\"2\">Lorem ipsum dolor sit amet, consectetur adipisicing elit. Nulla dolore illo, a pariatur facere possimus distinctio. Ea assumenda, odio facilis et est voluptate aperiam temporibus sunt id saepe impedit accusamus consequatur, sit voluptates reprehenderit sapiente maxime nemo repellat provident eius. Ex optio magni, blanditiis asperiores amet quis alias assumenda repudiandae, vero magnam soluta repellendus eaque at similique tenetur quaerat rem dolore, sed facere, laboriosam quae autem quam itaque eveniet. Tempora enim commodi ipsam et ducimus doloremque quidem vel labore optio velit voluptatum est eligendi minus totam non sunt, nesciunt culpa cupiditate esse praesentium aliquid. Labore, esse eum corporis nobis explicabo.</div>\n                        </div>\n                        <div class=\"schedule\">\n                            <div class=\"schedule-details\" data-id=\"3\">Lorem ipsum dolor sit amet, consectetur adipisicing elit. Nulla dolore illo, a pariatur facere possimus distinctio. Ea assumenda, odio facilis et est voluptate aperiam temporibus sunt id saepe impedit accusamus consequatur, sit voluptates reprehenderit sapiente maxime nemo repellat provident eius. Ex optio magni, blanditiis asperiores amet quis alias assumenda repudiandae, vero magnam soluta repellendus eaque at similique tenetur quaerat rem dolore, sed facere, laboriosam quae autem quam itaque eveniet. Tempora enim commodi ipsam et ducimus doloremque quidem vel labore optio velit voluptatum est eligendi minus totam non sunt, nesciunt culpa cupiditate esse praesentium aliquid. Labore, esse eum corporis nobis explicabo.</div>\n                        </div>\n\n                        <div class=\"compare-box\">\n                            <div class=\"close\"><a href=\"javascript:void(0)\">x</a></div>\n                            <h3><b>Sabahlayan</b> Tarife</h3>\n                            <img src=\"/media/cms/tarife-sabahlayan.jpg\" alt=\"\">\n                            <a href=\"javascript:void(0)\" class=\"btn-green schedule-details-link\" data-id=\"4\">Tarife Detayları</a>\n                            <div class=\"row\">\n                                <div class=\"left\"><input type=\"checkbox\" id=\"tarife-sabahlayan\" name=\"tarife-sabahlayan\" value=\"tarife-sabahlayan\"/> <label for=\"tarife-sabahlayan\"><span></span>Tarifeyi Seç</label></div>\n                                 <div class=\"left\"><input type=\"checkbox\" id=\"karsilastir-sabahlayan\" name=\"karsilastir-sabahlayan\" value=\"karsilastir-sabahlayan\"/> <label for=\"karsilastir-sabahlayan\"><span></span>Karşılaştır</label></div>\n                            </div>\n                        </div>\n\n\n                        <div class=\"compare-box\">\n                            <div class=\"close\"><a href=\"javascript:void(0)\">x</a></div>\n                            <h3><b>Geniş Çevre</b> Tarife</h3>\n                            <img src=\"/media/cms/tarife-genis-cevre.jpg\" alt=\"\">\n                            <a href=\"javascript:void(0)\" class=\"btn-green schedule-details-link\" data-id=\"5\">Tarife Detayları</a>\n                            <div class=\"row\">\n                                <div class=\"left\"><input type=\"checkbox\" id=\"tarife-genis-cevre\" name=\"tarife-genis-cevre\" value=\"tarife-genis-cevre\"/> <label for=\"tarife-genis-cevre\"><span></span>Tarifeyi Seç</label></div>\n                                 <div class=\"left\"><input type=\"checkbox\" id=\"karsilastir-genis-cevre\" name=\"karsilastir-genis-cevre\" value=\"karsilastir-genis-cevre\"/> <label for=\"karsilastir-genis-cevre\"><span></span>Karşılaştır</label></div>\n                            </div>\n                        </div>\n\n                         <div class=\"schedule\">\n                            <div class=\"schedule-details\" data-id=\"4\">Lorem ipsum dolor sit amet, consectetur adipisicing elit. Nulla dolore illo, a pariatur facere possimus distinctio. Ea assumenda, odio facilis et est voluptate aperiam temporibus sunt id saepe impedit accusamus consequatur, sit voluptates reprehenderit sapiente maxime nemo repellat provident eius. Ex optio magni, blanditiis asperiores amet quis alias assumenda repudiandae, vero magnam soluta repellendus eaque at similique tenetur quaerat rem dolore, sed facere, laboriosam quae autem quam itaque eveniet. Tempora enim commodi ipsam et ducimus doloremque quidem vel labore optio velit voluptatum est eligendi minus totam non sunt, nesciunt culpa cupiditate esse praesentium aliquid. Labore, esse eum corporis nobis explicabo.</div>\n                        </div>\n                        <div class=\"schedule\">\n                            <div class=\"schedule-details\" data-id=\"5\">Lorem ipsum dolor sit amet, consectetur adipisicing elit. Nulla dolore illo, a pariatur facere possimus distinctio. Ea assumenda, odio facilis et est voluptate aperiam temporibus sunt id saepe impedit accusamus consequatur, sit voluptates reprehenderit sapiente maxime nemo repellat provident eius. Ex optio magni, blanditiis asperiores amet quis alias assumenda repudiandae, vero magnam soluta repellendus eaque at similique tenetur quaerat rem dolore, sed facere, laboriosam quae autem quam itaque eveniet. Tempora enim commodi ipsam et ducimus doloremque quidem vel labore optio velit voluptatum est eligendi minus totam non sunt, nesciunt culpa cupiditate esse praesentium aliquid. Labore, esse eum corporis nobis explicabo.</div>\n                        </div>\n\n                        <div class=\"compare-box\">\n                            <div class=\"close\"><a href=\"javascript:void(0)\">x</a></div>\n                            <h3><b>Balayı</b> Tarife</h3>\n                            <img src=\"/media/cms/tarife-balayi.jpg\" alt=\"\">\n                            <a href=\"javascript:void(0)\" class=\"btn-green schedule-details-link\" data-id=\"6\">Tarife Detayları</a>\n                            <div class=\"row\">\n                                <div class=\"left\"><input type=\"checkbox\" id=\"tarife-balayi\" name=\"tarife-balayi\" value=\"tarife-balayi\"/> <label for=\"tarife-balayi\"><span></span>Tarifeyi Seç</label></div>\n                                 <div class=\"left\"><input type=\"checkbox\" id=\"karsilastir-balayi\" name=\"karsilastir-balayi\" value=\"karsilastir-balayi\"/> <label for=\"karsilastir-balayi\"><span></span>Karşılaştır</label></div>\n                            </div>\n                        </div>\n                        <div class=\"schedule\">\n                            <div class=\"schedule-details\" data-id=\"6\">Lorem ipsum dolor sit amet, consectetur adipisicing elit. Nulla dolore illo, a pariatur facere possimus distinctio. Ea assumenda, odio facilis et est voluptate aperiam temporibus sunt id saepe impedit accusamus consequatur, sit voluptates reprehenderit sapiente maxime nemo repellat provident eius. Ex optio magni, blanditiis asperiores amet quis alias assumenda repudiandae, vero magnam soluta repellendus eaque at similique tenetur quaerat rem dolore, sed facere, laboriosam quae autem quam itaque eveniet. Tempora enim commodi ipsam et ducimus doloremque quidem vel labore optio velit voluptatum est eligendi minus totam non sunt, nesciunt culpa cupiditate esse praesentium aliquid. Labore, esse eum corporis nobis explicabo.</div>\n                        </div>\n                        <br clear=\"all\">\n\n\n\n\n\n                    </form>\n\n                </section>\n            </div>', '1', '0', '1', '0000-00-00 00:00:00', '2014-08-04 23:43:57'), ('30', '30', 'Bireysel Başvuru Ziyaret Zamanı', '<div class=\"container clearfix main-page\">\n                <section class=\"content-section ignore-strict-width\">\n                    <form action=\"\" class=\"bb-form\">\n\n                        <h2>Bireysel<br> Başvuru Formu</h2>\n                        <hr class=\"green\">\n                        <!--<nav class=\"steps\">\n                            <ul>\n                                <li class=\"past\"><a href=\"#\"><span class=\"dinamo-icon-Kisisel-Bilgiler\"></span> Kişisel Bilgiler</a></li>\n                                <li class=\"past\"><a href=\"#\"><span class=\"dinamo-icon-Fatura-Bilgileri\"></span>Fatura Bilgileri</a></li>\n                                <li class=\"past\"><a href=\"#\"><span class=\"dinamo-icon-Tarifeler\"></span>Tarife Seç</a></li>\n                                <li class=\"active\"><a href=\"#\"><span class=\"dinamo-icon-Ziyaret\"></span>Ziyaret Zamanı</a></li>\n                            </ul>\n                        </nav>-->\n                        <ul id=\"steps\">\n                            <li class=\"passed dinamo-icon-Kisisel-Bilgiler\"><a href=\"\">Kişisel Bilgiler</a></li><li class=\"passed dinamo-icon-Fatura-Bilgileri\"><a href=\"\">Fatura Bilgileri</a></li><li class=\"passed dinamo-icon-Tarifeler\"><a href=\"\">Tarife Seç</a></li><li class=\"active dinamo-icon-Ziyaret\"><a href=\"\">Ziyaret Zamanı</a></li>\n                        </ul>\n\n                        <div class=\"row\">\n                            <h3><b>TEŞEKKÜRLER</b></h3>\n                        </div>\n\n                        <div class=\"row\">\n                            <p> Kaydınız tamamlanmıştır. En kısa sürede sizi arayacağız.</p>\n                        </div>\n                        <br clear=\"all\">\n\n                    </form>\n\n                </section>\n            </div>', '1', '0', '1', '0000-00-00 00:00:00', '2014-08-04 18:52:19');
INSERT INTO `contents` VALUES ('31', '31', 'Kurumsal Başvuru Fatura Bilgileri', 'Kurumsal Başvuru Fatura Bilgileri', '2', '0', '1', '0000-00-00 00:00:00', '2014-08-04 18:44:14'), ('32', '35', 'Bireysel Hakkımızda Yönetim Takımımız', 'Bireysel Hakkımızda Yönetim Takımımız', '1', '0', '1', '0000-00-00 00:00:00', '2014-08-04 23:22:09'), ('33', '37', 'Bireysel Hakkımızda Kalite Politikamız', '<div class=\"container clearfix main-page\">\n\n                <aside class=\"green-bg forced-left\">\n                    <input type=\"submit\" class=\"btn-green\" value=\"HIDE MENU\">\n                    <ul>\n                        <li>\n                            <a href=\"/cms/bireysel-hakkimizda\">HAKKIMIZDA</a>\n                            <ul>\n                                <li><a href=\"/cms/bireysel-yonetim-takimimiz\">Yönetim Takımımız</a></li>\n                                <li class=\"active\"><a href=\"/cms/bireysel-kalite-politikamiz\">Kalite Politikamız</a></li>\n                                <li><a href=\"/cms/bireysel-vizyon-ve-misyonumuz\">Vizyon ve Misyonumuz</a></li>\n                            </ul>\n                        </li>\n                        <li><a href=\"/cms/bireysel-haberler\">HABERLER</a></li>\n                        <li><a href=\"/cms/bireysel-basin-odasi\">BASIN ODASI</a></li>\n                        <li><a href=\"/cms/bireysel-sikca-sorulan-sorular\">SIKÇA SORULAN SORULAR</a></li>\n                        <li><a href=\"/cms/bireysel-iletisim\">İLETİŞİM</a></li>\n                    </ul>\n                </aside>\n\n                <section class=\"content-section\">\n                        <input type=\"submit\" class=\"btn-green show-menu-btn\" value=\"MENU\">\n                        <h2>Kalite<br> Politikamız</h2>\n                        <div class=\"bottom-line\"></div>\n                        <p>Pro-Per Aşağıdakı İlke ve Prensipleri Kalite ve İşçi Sağlığı ve İş Güvenliği\nPolitikası Olarak Benimsemekte ve Uygulamaktadır.</p>\n                        <div class=\"row\">\n                            <p>İş gücü firması olarak enerji santrallerinde montaj, işletme ve bakım faaliyetleri gerçekleştiren firmamızın önceliğinin \"İnsan Faktörü\" olduğunu daima hatırlamak,</p>\n\n                            <p>En değerli kazancımız olan çalışanlarımızın sağlığı, iş güvenliği ve müşterilerimizin\n                            memnuniyetini Kalite ve İşçi Sağlığı ve İş Güvenliği politikamızın temeli olarak benimsemek,</p>\n\n                            <p>Güven, disiplin, çalışkanlık ve yeterlilik prensiplerinden güç alan Pro-Per firması yaptığı işi;\n                            ilk seferde, vaad ettiği sürede ve hatasız olarak tamamlayarak müşteri beklentilerinin de\n                            üzerindeki bir kalite anlayışı ve ciddiyet içinde yapmak,</p>\n\n                            <p>Sürekli değişen ve gelişen müşteri beklentilerini tespit etmek ve karşılamak adına; projelerin\n                            ve müşteri talimatlarının dikkatle takip etmek,</p>\n\n                            <p>Davranış biçimleri, kıyafetleri, iş disiplinleri, teknik donanımları ile aldıkları eğitimi ve\n                            tecrübelerini yansıtan personelini sürekli denetleyerek, personelin teknik yeterliliğini kalite\n                            beklentileri çerçevesinde arttırmak,\n                            </p>\n                            <p>Yapmış olduğu denetimler sonucunda ortaya çıkan ihtiyaç halinde personelini eğiterek\n                            sürekli gelişim ve iyileştirme sağlamak,</p>\n\n                            <p>Çağın gerekliliği olan teknolojik gelişmeleri yakından takip etmek suretiyle; Gerek personel\n                            eğitiminde, gerekse kullandığı ekipmanlarda teknolojik yeniliklerin adaptasyonunu sağlayarak\n                            müşteri memnuniyetini, çalışan güvenliğini ve iş kalitesini arttırmak.</p>\n\n                        </div>\n                </section>\n            </div>', '1', '0', '1', '0000-00-00 00:00:00', '2014-08-04 19:39:39'), ('34', '38', 'Bireysel Hakkımızda Vizyon Misyon', '            <div class=\"container clearfix main-page\">\n\n                <aside class=\"green-bg forced-left\">\n                    <input type=\"submit\" class=\"btn-green\" value=\"HIDE MENU\">\n                    <ul>\n                        <li>\n                            <a href=\"/cms/bireysel-hakkimizda\">HAKKIMIZDA</a>\n                            <ul>\n                                <li><a href=\"/cms/bireysel-yonetim-takimimiz\">Yönetim Takımımız</a></li>\n                                <li><a href=\"/cms/bireysel-kalite-politikamiz\">Kalite Politikamız</a></li>\n                                <li class=\"active\"><a href=\"/cms/bireysel-vizyon-ve-misyonumuz\">Vizyon ve Misyonumuz</a></li>\n                            </ul>\n                        </li>\n                        <li><a href=\"/cms/bireysel-haberler\">HABERLER</a></li>\n                        <li><a href=\"/cms/bireysel-basin-odasi\">BASIN ODASI</a></li>\n                        <li><a href=\"/cms/bireysel-sikca-sorulan-sorular\">SIKÇA SORULAN SORULAR</a></li>\n                        <li><a href=\"/cms/bireysel-iletisim\">İLETİŞİM</a></li>\n                    </ul>\n                </aside>\n\n                <section class=\"content-section\">\n                        <input type=\"submit\" class=\"btn-green show-menu-btn\" value=\"MENU\">\n                        <h2>Vizyon ve <br> Misyonumuz</h2>\n                        <div class=\"bottom-line\"></div>\n                        <p>It has survived not only five centuries, but also the leap into electronic\ntypesetting, remaining essentially unchanged. </p>\n<br clear=\"all\">\n<br clear=\"all\">\n\n                        <div class=\"row\">\n                        <h4><b>VİZYON</b></h4>\n                           <p> Enerji sektöründe, yurtiçi ve yurtdışı piyasalarda verilen hizmetin kalitesinden, İşçi Sağlığı ve İş Güvenliğinden ödün vermeden, zamanında iş bitirmeyi ve müşteri memnuniyetini kendine ilke edinmiş personeli ile sürekli gelişmeye odaklanmış Türkiye\'nin lider kuruluşu olmaktır.\n                           </p>\n                        </div>\n                        <br clear=\"all\">\n                        <br clear=\"all\">\n\n                        <div class=\"row\">\n                        <h4><b>MİSYON</b></h4>\n                           <p> Vizyonumuz doğrultusunda her türlü ticari, ahlaki, hukuki kurallara saygılı ve bu kuralları harfiyen yerine getiren; müşterilerine, çalışanlarına ve ilişki içerisinde bulunduğu tüm kesimlere katkılarını sürekli olarak geliştiren dinamik bir organizasyon olmak. Bunun için Toplam Kalite Yönetimi, İşçi Sağlığı ve İş Güvenliği felsefesini ve sürekli gelişim anlayışını ilke edinerek mükemmele yolculukta devamlı mesafe kaydetmektir.</p>\n                        </div>\n                </section>\n            </div>\n            <br clear=\"all\">\n            <br clear=\"all\">\n', '1', '0', '1', '0000-00-00 00:00:00', '2014-08-04 20:01:52'), ('35', '41', 'Kurumsal Hakkımızda Kalite Politikamız', '<div class=\"container clearfix main-page\">\n\n                <aside class=\"green-bg forced-left\">\n                    <input type=\"submit\" class=\"btn-green\" value=\"HIDE MENU\">\n                    <ul>\n                        <li>\n                            <a href=\"/cms/kurumsal-hakkimizda\">HAKKIMIZDA</a>\n                            <ul>\n                                <li><a href=\"/cms/kurumsal-yonetim-takimimiz\">Yönetim Takımımız</a></li>\n                                <li class=\"active\"><a href=\"/cms/kurumsal-kalite-politikamiz\">Kalite Politikamız</a></li>\n                                <li><a href=\"/cms/kurumsal-vizyon-ve-misyonumuz\">Vizyon ve Misyonumuz</a></li>\n                            </ul>\n                        </li>\n                        <li><a href=\"/cms/kurumsal-haberler\">HABERLER</a></li>\n                        <li><a href=\"/cms/kurumsal-basin-odasi\">BASIN ODASI</a></li>\n                        <li><a href=\"/cms/kurumsal-sikca-sorulan-sorular\">SIKÇA SORULAN SORULAR</a></li>\n                        <li><a href=\"/cms/kurumsal-iletisim\">İLETİŞİM</a></li>\n                    </ul>\n                </aside>\n\n                <section class=\"content-section\">\n                        <input type=\"submit\" class=\"btn-green show-menu-btn\" value=\"MENU\">\n                        <h2>Kalite<br> Politikamız</h2>\n                        <div class=\"bottom-line\"></div>\n                        <p>Pro-Per Aşağıdakı İlke ve Prensipleri Kalite ve İşçi Sağlığı ve İş Güvenliği\nPolitikası Olarak Benimsemekte ve Uygulamaktadır.</p>\n                        <div class=\"row\">\n                            <p>İş gücü firması olarak enerji santrallerinde montaj, işletme ve bakım faaliyetleri gerçekleştiren firmamızın önceliğinin \"İnsan Faktörü\" olduğunu daima hatırlamak,</p>\n\n                            <p>En değerli kazancımız olan çalışanlarımızın sağlığı, iş güvenliği ve müşterilerimizin\n                            memnuniyetini Kalite ve İşçi Sağlığı ve İş Güvenliği politikamızın temeli olarak benimsemek,</p>\n\n                            <p>Güven, disiplin, çalışkanlık ve yeterlilik prensiplerinden güç alan Pro-Per firması yaptığı işi;\n                            ilk seferde, vaad ettiği sürede ve hatasız olarak tamamlayarak müşteri beklentilerinin de\n                            üzerindeki bir kalite anlayışı ve ciddiyet içinde yapmak,</p>\n\n                            <p>Sürekli değişen ve gelişen müşteri beklentilerini tespit etmek ve karşılamak adına; projelerin\n                            ve müşteri talimatlarının dikkatle takip etmek,</p>\n\n                            <p>Davranış biçimleri, kıyafetleri, iş disiplinleri, teknik donanımları ile aldıkları eğitimi ve\n                            tecrübelerini yansıtan personelini sürekli denetleyerek, personelin teknik yeterliliğini kalite\n                            beklentileri çerçevesinde arttırmak,\n                            </p>\n                            <p>Yapmış olduğu denetimler sonucunda ortaya çıkan ihtiyaç halinde personelini eğiterek\n                            sürekli gelişim ve iyileştirme sağlamak,</p>\n\n                            <p>Çağın gerekliliği olan teknolojik gelişmeleri yakından takip etmek suretiyle; Gerek personel\n                            eğitiminde, gerekse kullandığı ekipmanlarda teknolojik yeniliklerin adaptasyonunu sağlayarak\n                            müşteri memnuniyetini, çalışan güvenliğini ve iş kalitesini arttırmak.</p>\n\n                        </div>\n                </section>\n            </div>', '1', '0', '1', '0000-00-00 00:00:00', '2014-08-04 20:08:20'), ('36', '40', 'Kurumsal Hakkımızda Yönetim Takımımız', '            <div class=\"container clearfix main-page\">\n\n                <aside class=\"green-bg forced-left\">\n                    <input type=\"submit\" class=\"btn-green\" value=\"HIDE MENU\">\n                    <ul>\n                        <li>\n                            <a href=\"/cms/kurumsal-hakkimizda\">HAKKIMIZDA</a>\n                            <ul>\n                                <li class=\"active\"><a href=\"/cms/kurumsal-yonetim-takimimiz\">Yönetim Takımımız</a></li>\n                                <li><a href=\"/cms/kurumsal-kalite-politikamiz\">Kalite Politikamız</a></li>\n                                <li><a href=\"/cms/kurumsal-vizyon-ve-misyonumuz\">Vizyon ve Misyonumuz</a></li>\n                            </ul>\n                        </li>\n                        <li><a href=\"/cms/kurumsal-haberler\">HABERLER</a></li>\n                        <li><a href=\"/cms/kurumsal-basin-odasi\">BASIN ODASI</a></li>\n                        <li><a href=\"/cms/kurumsal-sikca-sorulan-sorular\">SIKÇA SORULAN SORULAR</a></li>\n                        <li><a href=\"/cms/kurumsal-iletisim\">İLETİŞİM</a></li>\n                    </ul>\n\n                </aside>\n\n                <section class=\"content-section\">\n                        <input type=\"submit\" class=\"btn-green show-menu-btn\" value=\"MENU\">\n                        <h2>Yönetim <br> Takımımız</h2>\n                        <div class=\"bottom-line\"></div>\n                        <p>\n                            Lorem Ipsum has been the industry\'s standard dummy text ever since the\n1500s, when an unknown printer took a galley of type and scrambled\nit to make a type specimen book\n                        </p>\n                        <div class=\"team-member\">\n\n                            <img src=\"/media/cms/team-gonen-uysal.jpg\" alt=\"\">\n                            <h3><b>GÖNEN UYSAL</b></h3>\n                            <h4>Genel Müdür</h4>\n                            <p>Pro-Per A.Ş Genel Müdürlüğü görevini yürüten Gönen Özüysal,\n                            1973 Izmir doğumludur. 2007 yılında Pro-Per kurucu ortağı olarak\n                            göreve başladı. Halen Genel Müdür görevini yürütmektedir.</p>\n\n                            <p>Pro-Per Heavy Duty Gaz Türbinleri Hidroelektrik Santraller ve\n                            Donaldson iş bölümlerinden sorumludur.</p>\n\n                            <p>Yıldız Teknik Üniversitesi/Makine Mühendisliği\'nden mezundur.\n                            İngilizce bilen Gönen Özuysal, İzmir/1973 doğumludur.</p>\n\n                        </div>\n\n                        <div class=\"team-member\">\n\n                            <img src=\"/media/cms/team-abdullah-kurt.jpg\" alt=\"\">\n\n                            <h3><b>ABDULLAH KURT</b></h3>\n                            <h4>İş Geliştirme Müdürü</h4>\n                            <p>Turkish Citizen and Ex-Turkish Air force member.</p>\n\n                            <p>Pro-Per A.Ş. İş Geliştirme Müdürlüğü ve KSE (Botswana)\n                            Operasyon Müdürlüğü görevini yürüten Abdullah Kurt, 1962 Zile\n                            doğumlu olup evli ve iki çocuk babasıdır.</p>\n\n                            <p>Görevlerinde bulunduktan sonra 2010 Ocak ayı içerisinde şirket\n                            ortağı olarak Pro-Per ailesine katıldı. İngilizce ve Almanca bilen\n                            Abdullah Kurt, Anadolu Üniversitesi İşletme Bölümü mezunudur.</p>\n\n                        </div>\n                </section>\n            </div>\n            <br clear=\"all\">\n            <br clear=\"all\">', '1', '0', '1', '0000-00-00 00:00:00', '2014-08-04 19:39:39'), ('37', '42', 'Kurumsal Hakkımızda Vizyon Misyon', '            <div class=\"container clearfix main-page\">\n\n                <aside class=\"green-bg forced-left\">\n                    <input type=\"submit\" class=\"btn-green\" value=\"HIDE MENU\">\n                    <ul>\n                        <li>\n                            <a href=\"/cms/kurumsal-hakkimizda\">HAKKIMIZDA</a>\n                            <ul>\n                                <li><a href=\"/cms/kurumsal-yonetim-takimimiz\">Yönetim Takımımız</a></li>\n                                <li><a href=\"/cms/kurumsal-kalite-politikamiz\">Kalite Politikamız</a></li>\n                                <li class=\"active\"><a href=\"/cms/kurumsal-vizyon-ve-misyonumuz\">Vizyon ve Misyonumuz</a></li>\n                            </ul>\n                        </li>\n                        <li><a href=\"/cms/kurumsal-haberler\">HABERLER</a></li>\n                        <li><a href=\"/cms/kurumsal-basin-odasi\">BASIN ODASI</a></li>\n                        <li><a href=\"/cms/kurumsal-sikca-sorulan-sorular\">SIKÇA SORULAN SORULAR</a></li>\n                        <li><a href=\"/cms/kurumsal-iletisim\">İLETİŞİM</a></li>\n                    </ul>\n                </aside>\n\n                <section class=\"content-section\">\n                        <input type=\"submit\" class=\"btn-green show-menu-btn\" value=\"MENU\">\n                        <h2>Vizyon ve <br> Misyonumuz</h2>\n                        <div class=\"bottom-line\"></div>\n                        <p>It has survived not only five centuries, but also the leap into electronic\ntypesetting, remaining essentially unchanged. </p>\n<br clear=\"all\">\n<br clear=\"all\">\n\n                        <div class=\"row\">\n                        <h4><b>VİZYON</b></h4>\n                           <p> Enerji sektöründe, yurtiçi ve yurtdışı piyasalarda verilen hizmetin kalitesinden, İşçi Sağlığı ve İş Güvenliğinden ödün vermeden, zamanında iş bitirmeyi ve müşteri memnuniyetini kendine ilke edinmiş personeli ile sürekli gelişmeye odaklanmış Türkiye\'nin lider kuruluşu olmaktır.\n                           </p>\n                        </div>\n                        <br clear=\"all\">\n                        <br clear=\"all\">\n\n                        <div class=\"row\">\n                        <h4><b>MİSYON</b></h4>\n                           <p> Vizyonumuz doğrultusunda her türlü ticari, ahlaki, hukuki kurallara saygılı ve bu kuralları harfiyen yerine getiren; müşterilerine, çalışanlarına ve ilişki içerisinde bulunduğu tüm kesimlere katkılarını sürekli olarak geliştiren dinamik bir organizasyon olmak. Bunun için Toplam Kalite Yönetimi, İşçi Sağlığı ve İş Güvenliği felsefesini ve sürekli gelişim anlayışını ilke edinerek mükemmele yolculukta devamlı mesafe kaydetmektir.</p>\n                        </div>\n                </section>\n            </div>\n            <br clear=\"all\">\n            <br clear=\"all\">\n', '1', '0', '1', '0000-00-00 00:00:00', '2014-08-04 20:01:52');
COMMIT;

-- ----------------------------
--  Table structure for `contents_desc`
-- ----------------------------
DROP TABLE IF EXISTS `contents_desc`;
CREATE TABLE `contents_desc` (
  `id` int(13) unsigned NOT NULL AUTO_INCREMENT,
  `content_id` int(13) DEFAULT NULL,
  `content_desc` varchar(255) DEFAULT NULL,
  `content_keyword` varchar(255) DEFAULT NULL,
  `content_title` varchar(255) DEFAULT NULL,
  `content_type` varchar(255) DEFAULT NULL,
  `content_image` varchar(255) DEFAULT NULL,
  `content_url` varchar(255) DEFAULT NULL,
  `create_time` timestamp NULL DEFAULT '0000-00-00 00:00:00',
  `update_time` timestamp NULL DEFAULT CURRENT_TIMESTAMP ON UPDATE CURRENT_TIMESTAMP,
  PRIMARY KEY (`id`)
) ENGINE=InnoDB DEFAULT CHARSET=utf8;

-- ----------------------------
--  Table structure for `contents_type`
-- ----------------------------
DROP TABLE IF EXISTS `contents_type`;
CREATE TABLE `contents_type` (
  `id` int(11) unsigned NOT NULL AUTO_INCREMENT,
  `content_id` int(11) DEFAULT NULL,
  `status` int(1) DEFAULT '0',
  `create_time` timestamp NULL DEFAULT '0000-00-00 00:00:00',
  `update_time` timestamp NULL DEFAULT CURRENT_TIMESTAMP ON UPDATE CURRENT_TIMESTAMP,
  PRIMARY KEY (`id`)
) ENGINE=InnoDB DEFAULT CHARSET=utf8;

-- ----------------------------
--  Table structure for `core_type`
-- ----------------------------
DROP TABLE IF EXISTS `core_type`;
CREATE TABLE `core_type` (
  `id` int(11) unsigned NOT NULL AUTO_INCREMENT,
  `core_type_name` varchar(100) DEFAULT NULL,
  `core_type_value` varchar(100) DEFAULT NULL,
  `status` int(1) DEFAULT NULL,
  `create_time` timestamp NULL DEFAULT '0000-00-00 00:00:00',
  `update_time` timestamp NULL DEFAULT CURRENT_TIMESTAMP ON UPDATE CURRENT_TIMESTAMP,
  PRIMARY KEY (`id`),
  UNIQUE KEY `UNQ_core_type_core_type_name` (`core_type_name`)
) ENGINE=InnoDB AUTO_INCREMENT=5 DEFAULT CHARSET=utf8;

-- ----------------------------
--  Records of `core_type`
-- ----------------------------
BEGIN;
INSERT INTO `core_type` VALUES ('1', 'Sabit İçerik', 'contents', '1', '2014-07-31 11:31:04', '2014-07-31 11:31:31'), ('2', 'Kampanya Detayı', 'campains', '1', '2014-07-31 11:31:26', '2014-07-31 11:31:26'), ('3', 'Tarife Detayı', 'campains', '1', '2014-07-31 11:31:47', '2014-07-31 11:31:47'), ('4', 'Form Sayfası', 'forms', '1', '2014-07-31 11:32:07', '2014-07-31 11:32:07');
COMMIT;

-- ----------------------------
--  Table structure for `core_url`
-- ----------------------------
DROP TABLE IF EXISTS `core_url`;
CREATE TABLE `core_url` (
  `id` int(11) unsigned NOT NULL AUTO_INCREMENT,
  `core_url_key` varchar(100) DEFAULT NULL,
  `status` int(1) DEFAULT '0',
  `create_time` timestamp NULL DEFAULT '0000-00-00 00:00:00',
  `update_time` timestamp NULL DEFAULT CURRENT_TIMESTAMP ON UPDATE CURRENT_TIMESTAMP,
  PRIMARY KEY (`id`),
  UNIQUE KEY `UNQ_core_url_core_url_key` (`core_url_key`) USING BTREE
) ENGINE=InnoDB AUTO_INCREMENT=43 DEFAULT CHARSET=utf8;

-- ----------------------------
--  Records of `core_url`
-- ----------------------------
BEGIN;
INSERT INTO `core_url` VALUES ('1', 'bireysel', '1', '2014-07-31 11:33:44', '2014-08-04 16:19:33'), ('2', 'bireysel-hemen-basvur', '1', '0000-00-00 00:00:00', '2014-08-04 10:04:04'), ('3', 'bireysel-hemen-odeme', '1', '0000-00-00 00:00:00', '2014-08-04 10:04:17'), ('4', 'bireysel-online-islem-merkezi', '1', '0000-00-00 00:00:00', '2014-08-04 10:04:36'), ('5', 'kurumsal-hemen-basvur', '1', '0000-00-00 00:00:00', '2014-08-04 12:17:25'), ('6', 'kurumsal-hemen-odeme', '1', '0000-00-00 00:00:00', '2014-08-04 12:17:36'), ('7', 'kurumsal-online-islem-merkezi', '1', '0000-00-00 00:00:00', '2014-08-04 12:17:47'), ('8', 'bireysel-kesfet', '1', '0000-00-00 00:00:00', '2014-08-04 14:01:00'), ('9', 'bireysel-tarifeler', '1', '0000-00-00 00:00:00', '2014-08-04 14:01:44'), ('10', 'bireysel-kampanyalar', '1', '0000-00-00 00:00:00', '2014-08-04 14:01:54'), ('11', 'bireysel-dinamolu-olmak-istiyorum', '1', '0000-00-00 00:00:00', '2014-08-04 14:02:14'), ('12', 'kurumsal-kesfet', '1', '0000-00-00 00:00:00', '2014-08-04 14:03:15'), ('13', 'kurumsal-tarifeler', '1', '0000-00-00 00:00:00', '2014-08-04 14:03:42'), ('14', 'kurumsal-kampanyalar', '1', '0000-00-00 00:00:00', '2014-08-04 14:03:39'), ('15', 'kurumsal-dinamolu-olmak-istiyorum', '1', '0000-00-00 00:00:00', '2014-08-04 14:20:10'), ('16', 'bireysel-hakkimizda', '1', '0000-00-00 00:00:00', '2014-08-04 14:20:11'), ('17', 'bireysel-haberler', '1', '0000-00-00 00:00:00', '2014-08-04 14:20:25'), ('18', 'bireysel-basin-odasi', '1', '0000-00-00 00:00:00', '2014-08-04 14:20:46'), ('19', 'bireysel-sikca-sorulan-sorular', '1', '0000-00-00 00:00:00', '2014-08-04 14:21:00'), ('20', 'bireysel-iletisim', '1', '0000-00-00 00:00:00', '2014-08-04 14:21:11'), ('21', 'kurumsal-hakkimizda', '1', '0000-00-00 00:00:00', '2014-08-04 14:21:20'), ('22', 'kurumsal-haberler', '1', '0000-00-00 00:00:00', '2014-08-04 14:27:48'), ('23', 'kurumsal-basin-odasi', '1', '0000-00-00 00:00:00', '2014-08-04 14:27:57'), ('24', 'kurumsal-sikca-sorulan-sorular', '1', '0000-00-00 00:00:00', '2014-08-04 14:28:14'), ('25', 'kurumsal-iletisim', '1', '0000-00-00 00:00:00', '2014-08-04 14:28:24'), ('26', 'kurumsal', '1', '0000-00-00 00:00:00', '2014-08-04 16:21:42'), ('27', 'bayimiz-olun', '1', '0000-00-00 00:00:00', '2014-08-04 17:28:32'), ('28', 'bireysel-basvuru-fatura-bilgileri', '1', '0000-00-00 00:00:00', '2014-08-04 18:19:14'), ('29', 'bireysel-basvuru-tarife-sec', '1', '0000-00-00 00:00:00', '2014-08-04 18:19:38'), ('30', 'bireysel-basvuru-ziyaret-zamani', '1', '0000-00-00 00:00:00', '2014-08-04 18:19:59'), ('31', 'kurumsal-basvuru-fatura-bilgileri', '1', '0000-00-00 00:00:00', '2014-08-04 18:20:40'), ('32', 'kurumsal-basvuru-tarife-sec', '1', '0000-00-00 00:00:00', '2014-08-04 18:20:42'), ('33', 'bireysel-hakkimizda-yonetim-takimimiz', '1', '0000-00-00 00:00:00', '2014-08-04 19:26:43'), ('34', 'kurumsal-basvuru-ziyaret-zamani', '1', '0000-00-00 00:00:00', '2014-08-04 18:28:20'), ('35', 'bireysel-yonetim-takimimiz', '1', '0000-00-00 00:00:00', '2014-08-04 19:27:57'), ('37', 'bireysel-kalite-politikamiz', '1', '0000-00-00 00:00:00', '2014-08-04 19:52:40'), ('38', 'bireysel-vizyon-ve-misyonumuz', '1', '0000-00-00 00:00:00', '2014-08-04 20:06:35'), ('40', 'kurumsal-yonetim-takimimiz', '1', '0000-00-00 00:00:00', '2014-08-04 19:27:57'), ('41', 'kurumsal-kalite-politikamiz', '1', '0000-00-00 00:00:00', '2014-08-04 19:52:40'), ('42', 'kurumsal-vizyon-ve-misyonumuz', '1', '0000-00-00 00:00:00', '2014-08-04 20:06:35');
COMMIT;

-- ----------------------------
--  Table structure for `core_url_reindex`
-- ----------------------------
DROP TABLE IF EXISTS `core_url_reindex`;
CREATE TABLE `core_url_reindex` (
  `id` int(11) unsigned NOT NULL AUTO_INCREMENT,
  `core_url_id` int(11) unsigned DEFAULT NULL,
  `core_url_type_id` int(11) unsigned DEFAULT NULL,
  `core_website_id` int(11) unsigned DEFAULT NULL,
  `type_id` int(11) unsigned DEFAULT '0',
  `status` int(1) DEFAULT NULL,
  `create_time` timestamp NULL DEFAULT '0000-00-00 00:00:00',
  `update_time` timestamp NULL DEFAULT CURRENT_TIMESTAMP ON UPDATE CURRENT_TIMESTAMP,
  PRIMARY KEY (`id`),
  KEY `IDX_core_url_reindex_core_url_id` (`core_url_id`) USING BTREE,
  KEY `IDX_core_url_reindex_core_url_type_id` (`core_url_type_id`) USING BTREE,
  KEY `IDX_core_url_reindex_type_id` (`type_id`) USING BTREE,
  KEY `IDX_core_url_reindex_core_url_website_id` (`core_website_id`) USING BTREE,
  CONSTRAINT `FK_core_url_reidex_core_url_id_core_url_id` FOREIGN KEY (`core_url_id`) REFERENCES `core_url` (`id`) ON DELETE SET NULL ON UPDATE CASCADE,
  CONSTRAINT `FK_core_url_reindex_core_type_id_core_type_id` FOREIGN KEY (`type_id`) REFERENCES `core_type` (`id`) ON DELETE SET NULL ON UPDATE CASCADE,
  CONSTRAINT `FK_core_url_reindex_core_url_type_id_core_url_type_id` FOREIGN KEY (`core_url_type_id`) REFERENCES `core_url_type` (`id`) ON DELETE SET NULL ON UPDATE CASCADE,
  CONSTRAINT `FK_core_url_reindex_core_website_id_core_website_id` FOREIGN KEY (`core_website_id`) REFERENCES `core_website` (`id`) ON DELETE SET NULL ON UPDATE CASCADE
) ENGINE=InnoDB DEFAULT CHARSET=utf8;

-- ----------------------------
--  Table structure for `core_url_type`
-- ----------------------------
DROP TABLE IF EXISTS `core_url_type`;
CREATE TABLE `core_url_type` (
  `id` int(11) unsigned NOT NULL AUTO_INCREMENT,
  `core_url_type_key` varchar(100) DEFAULT NULL,
  `core_url_type_value` varchar(100) DEFAULT NULL,
  `status` int(1) DEFAULT '0',
  `create_time` timestamp NULL DEFAULT '0000-00-00 00:00:00',
  `update_time` timestamp NULL DEFAULT CURRENT_TIMESTAMP ON UPDATE CURRENT_TIMESTAMP,
  PRIMARY KEY (`id`),
  UNIQUE KEY `UNQ_core_url_type_core_url_type_name` (`core_url_type_key`)
) ENGINE=InnoDB AUTO_INCREMENT=6 DEFAULT CHARSET=utf8;

-- ----------------------------
--  Records of `core_url_type`
-- ----------------------------
BEGIN;
INSERT INTO `core_url_type` VALUES ('1', 'single_page', 'Single Page', '1', '2014-07-31 17:18:32', '2014-07-31 17:18:32'), ('2', 'multi_page', 'Multi Page', '1', '2014-07-31 17:18:56', '2014-07-31 17:18:56'), ('3', 'contact_form', 'Contact Form', '1', '2014-07-31 17:19:13', '2014-07-31 17:19:13'), ('4', 'spec_form', 'Spec Form', '1', '2014-07-31 17:19:28', '2014-07-31 17:19:28'), ('5', 'multi_step_form', 'Multi Step Form', '1', '2014-07-31 17:19:43', '2014-07-31 17:19:43');
COMMIT;

-- ----------------------------
--  Table structure for `core_website`
-- ----------------------------
DROP TABLE IF EXISTS `core_website`;
CREATE TABLE `core_website` (
  `id` int(11) unsigned NOT NULL AUTO_INCREMENT,
  `core_website_name` varchar(100) DEFAULT NULL,
  `core_website_value` varchar(100) DEFAULT NULL,
  `status` int(1) DEFAULT NULL,
  `create_time` timestamp NULL DEFAULT '0000-00-00 00:00:00',
  `update_time` timestamp NULL DEFAULT CURRENT_TIMESTAMP ON UPDATE CURRENT_TIMESTAMP,
  PRIMARY KEY (`id`),
  UNIQUE KEY `UNQ_core_website_core_website_name` (`core_website_name`)
) ENGINE=InnoDB AUTO_INCREMENT=3 DEFAULT CHARSET=utf8;

-- ----------------------------
--  Records of `core_website`
-- ----------------------------
BEGIN;
INSERT INTO `core_website` VALUES ('1', 'bireysel', 'BİREYSEL', '1', '2014-07-31 17:37:37', '2014-08-04 10:54:04'), ('2', 'kurumsal', 'KURUMSAL', '1', '2014-07-31 17:37:48', '2014-07-31 17:37:48');
COMMIT;

-- ----------------------------
--  Table structure for `pk_company`
-- ----------------------------
DROP TABLE IF EXISTS `pk_company`;
CREATE TABLE `pk_company` (
  `id` int(11) NOT NULL AUTO_INCREMENT,
  `company_name` varchar(255) DEFAULT NULL,
  PRIMARY KEY (`id`)
) ENGINE=InnoDB AUTO_INCREMENT=175 DEFAULT CHARSET=utf8;

-- ----------------------------
--  Records of `pk_company`
-- ----------------------------
BEGIN;
INSERT INTO `pk_company` VALUES ('1', '2M ENERJI'), ('2', 'ACTAEL İSTANBUL ENERJI'), ('3', 'ADB ENERJI'), ('4', 'ADO ENERJI'), ('5', 'AES ENERJI'), ('6', 'AES- IC İÇTAŞ ELEKTRIK'), ('7', 'AGE ENERJI'), ('8', 'AĞAOĞLU ENERJI'), ('9', 'AKDENIZ EDAS'), ('10', 'AKEDAS'), ('11', 'AKENERJI ENERJI'), ('12', 'AKFEL ENERJI'), ('13', 'AKFEN ENERJI'), ('14', 'AKS ENERJI'), ('15', 'AKS GRUP ENERJI'), ('16', 'AKSA ENERJI'), ('17', 'ALPIQ TURKEY ENERJI'), ('18', 'ALTES ENERJI'), ('19', 'ANA ENERJI'), ('20', 'ANADOLU GRUP ENERJI'), ('21', 'ARAS EDAS'), ('22', 'ASAL ENERJI'), ('23', 'ASYA ENERJI'), ('24', 'ATA ENERJI'), ('25', 'ATEK ENERJI'), ('26', 'ATOM ENERJI'), ('27', 'AVEL AVRUPA ENERJI'), ('28', 'AVEM ENERJI'), ('29', 'AYDEM EDAS'), ('30', 'AYEN ENERJI'), ('31', 'BALKAYA ENERJI'), ('32', 'BASKENT EDAS'), ('33', 'BATIÇIM ENERJI'), ('34', 'BILGIN ENERJI'), ('35', 'BIR ENERJI'), ('36', 'BISEN ENERJI'), ('37', 'BOGAZICI EDAS'), ('38', 'BORDO ENERJI'), ('39', 'BOSEN ENERJI'), ('40', 'BOSPHORUS GAZ CORPORATION'), ('41', 'BÜYÜK POTANSIYEL ENERJI'), ('42', 'CAMLIBEL EDAS'), ('43', 'CAN ENERJI'), ('44', 'CENGIZ ENERJI'), ('45', 'CFC ENERJI'), ('46', 'COREN ENERJI'), ('47', 'CORUH EDAS'), ('48', 'CS ENERJI'), ('49', 'ÇAVUŞOĞLU ENERJI'), ('50', 'D TES ENERJI'), ('51', 'DEDELI ENERJI'), ('52', 'DICLE EDAS'), ('53', 'DOASAN ENERJI'), ('54', 'DOĞAN KENT ENERJI'), ('55', 'DOĞUŞ ENERJI'), ('56', 'EAG ENERJI'), ('57', 'ECESEN ENERJI'), ('58', 'EFT ENERJI'), ('59', 'EG ENERJI'), ('60', 'EGL ENERJI'), ('61', 'EKO GRUP TOPTAN ENERJI'), ('62', 'EKODAŞ ENERJI'), ('63', 'EKSIM ENERJI'), ('64', 'ELEKTRA ENERJI'), ('65', 'ELPA ENERJI'), ('66', 'ELTEK ENERJI'), ('67', 'ENEKS ENERJI'), ('68', 'ENERGO-PRO GÜNEY ELEKTRIK ENERJI'), ('69', 'ENERJISA ENERJI'), ('70', 'ENERSA ELEKTRIK ENERJI'), ('71', 'ENIMEKS ENERJI'), ('72', 'ENKO ENERJI'), ('73', 'ENMARK ENERJI'), ('74', 'ENO ENERJİ'), ('75', 'EREN ENERJI'), ('76', 'ESER ENERJI'), ('77', 'EYAŞ ENERJI'), ('78', 'EYYÜPOĞLU ENERJI'), ('79', 'FIRAT EDAS'), ('80', 'FIDES ENERJI'), ('81', 'FREKANS ENERJI'), ('82', 'GATES ENERJI'), ('83', 'GEDIZ EDAS'), ('84', 'GEN-I İSTANBUL ENERJI'), ('85', 'GENT ENERJI'), ('86', 'GEOTUR ENERJI'), ('87', 'GET POWER ENERJI'), ('88', 'GÜLSAN ENERJI'), ('89', 'H.G.Ç. ENERJI'), ('90', 'HALIS ENERJI'), ('91', 'HIDIV ENERJI'), ('92', 'HNC ENERJI'), ('93', 'ISTANBUL ANADOLU EDAS'), ('94', 'İÇDAŞ ENERJI'), ('95', 'İLHANLAR GRUP ENERJI'), ('96', 'İMC ENERJI'), ('97', 'İPRAGAZ'), ('98', 'KADOOĞLU ENERJI'), ('99', 'KARÇAL ENERJI'), ('100', 'KARTET-KARADENIZ ENERJI'), ('101', 'KAYSERI VE CIVARI EDAS'), ('102', 'KET KIPAŞ ENERJI'), ('103', 'KIVANÇ ENERJI'), ('104', 'KINESIS ENERJI'), ('105', 'KLR ENERJI'), ('106', 'KOLEN ENERJI'), ('107', 'KOZ ENERJI'), ('108', 'KUVVE ENERJI'), ('109', 'KUVVE ENERJI'), ('110', 'LALE ENERJI'), ('111', 'LIDER ENERJI'), ('112', 'MAC ENERJI'), ('113', 'MAK ENERJI'), ('114', 'MARMARA ENERJI'), ('115', 'MERAM EDAS'), ('116', 'MERAM ENERJI'), ('117', 'METRO GRUP ENERJI'), ('118', 'NAKSAN ENERJI'), ('119', 'NUH ENERJI'), ('120', 'NUROL ENERJI'), ('121', 'OET ENERJI'), ('122', 'OMV ENERJI'), ('123', 'ORTADOĞU ENERJI'), ('124', 'OSMANGAZI EDAS'), ('125', 'OYAK ENERJI'), ('126', 'OZAN ENERJI'), ('127', 'ÖZALTAN MAKRO ENERJI'), ('128', 'PALPORT ENERJI'), ('129', 'PARK TOPTAN ENERJI'), ('130', 'PEKER ENERJI'), ('131', 'PI ENERJI'), ('132', 'RÖNESANS ENERJI'), ('133', 'RWE TURCAS ENERJI'), ('134', 'SAKARYA EDAS'), ('135', 'SAON TOPTAN ELEKTRIK ENERJI'), ('136', 'SETEL ENERJI'), ('137', 'SIYAHKALEM ENERJI'), ('138', 'SOYAK ENERJI'), ('139', 'SÖNMEZ ENERJI'), ('140', 'STATKRAFT ENERJI'), ('141', 'SÜPER ENERJI'), ('142', 'ŞAVK ENERJI'), ('143', 'ŞEMS ENERJI'), ('144', 'TAM-GÜÇ ENERJI'), ('145', 'TEKTUĞ ENERJI'), ('146', 'TESAŞ ENERJI'), ('147', 'TESLA ENERJI'), ('148', 'TETAŞ'), ('149', 'TGR ENERJI'), ('150', 'TOROSLAR EDAS'), ('151', 'TOSYALI ENERJI'), ('152', 'TRAKYA EDAS'), ('153', 'TRANSPOWER ENERJI'), ('154', 'TT GRUP ENERJI'), ('155', 'TURCAS ENERJI'), ('156', 'TÜRKER GRUP ENERJI'), ('157', 'TÜRKMENIN ALTIN ASRI ENERJI'), ('158', 'ULUDAG EDAS'), ('159', 'UNIT ENERJI'), ('160', 'ÜNDEM ENERJI'), ('161', 'VAN GOLU EDAS'), ('162', 'VOLT GRUP ENERJI'), ('163', 'VOLTAN ENERJI'), ('164', 'VOYTRON ENERJI'), ('165', 'YAĞMUR GROUP ENERJI'), ('166', 'YAREN GRUP ENERJI'), ('167', 'YESILIRMAK EDAS'), ('168', 'YEY ENERJI'), ('169', 'YKS ENERJI'), ('170', 'YÜKSEL ENERJI'), ('171', 'ZEEMA ENERJI'), ('172', 'ZORLU ENERJI'), ('173', 'PRO-PER Enerji'), ('174', 'CLK Enerji');
COMMIT;

-- ----------------------------
--  Table structure for `pk_distributor`
-- ----------------------------
DROP TABLE IF EXISTS `pk_distributor`;
CREATE TABLE `pk_distributor` (
  `id` int(11) NOT NULL AUTO_INCREMENT,
  `distributor_name` varchar(255) DEFAULT NULL,
  PRIMARY KEY (`id`)
) ENGINE=InnoDB AUTO_INCREMENT=22 DEFAULT CHARSET=utf8;

-- ----------------------------
--  Records of `pk_distributor`
-- ----------------------------
BEGIN;
INSERT INTO `pk_distributor` VALUES ('1', 'TOROSLAR EDAS'), ('2', 'AKEDAS'), ('3', 'OSMANGAZI EDAS'), ('4', 'ARAS EDAS'), ('5', 'MERAM EDAS'), ('6', 'YESILIRMAK EDAS'), ('7', 'BASKENT EDAS'), ('8', 'AKDENIZ EDAS'), ('9', 'CORUH EDAS'), ('10', 'AYDEM EDAS'), ('11', 'ULUDAG EDAS'), ('12', 'DICLE EDAS'), ('13', 'FIRAT EDAS'), ('14', 'VAN GOLU EDAS'), ('15', 'SAKARYA EDAS'), ('16', 'TRAKYA EDAS'), ('17', 'ISTANBUL ANADOLU EDAS'), ('18', 'BOGAZICI EDAS'), ('19', 'GEDIZ EDAS'), ('20', 'KAYSERI VE CIVARI EDAS'), ('21', 'CAMLIBEL EDAS');
COMMIT;

-- ----------------------------
--  Table structure for `pk_il`
-- ----------------------------
DROP TABLE IF EXISTS `pk_il`;
CREATE TABLE `pk_il` (
  `il_id` int(2) NOT NULL COMMENT 'plaka kodu',
  `il_adi` varchar(255) NOT NULL,
  PRIMARY KEY (`il_id`),
  KEY `il_adi` (`il_adi`) USING BTREE
) ENGINE=MyISAM DEFAULT CHARSET=utf8;

-- ----------------------------
--  Records of `pk_il`
-- ----------------------------
BEGIN;
INSERT INTO `pk_il` VALUES ('1', 'ADANA'), ('2', 'ADIYAMAN'), ('3', 'AFYONKARAHİSAR'), ('4', 'AĞRI'), ('5', 'AMASYA'), ('6', 'ANKARA'), ('7', 'ANTALYA'), ('8', 'ARTVİN'), ('9', 'AYDIN'), ('10', 'BALIKESİR'), ('11', 'BİLECİK'), ('12', 'BİNGÖL'), ('13', 'BİTLİS'), ('14', 'BOLU'), ('15', 'BURDUR'), ('16', 'BURSA'), ('17', 'ÇANAKKALE'), ('18', 'ÇANKIRI'), ('19', 'ÇORUM'), ('20', 'DENİZLİ'), ('21', 'DİYARBAKIR'), ('22', 'EDİRNE'), ('23', 'ELAZIĞ'), ('24', 'ERZİNCAN'), ('25', 'ERZURUM'), ('26', 'ESKİŞEHİR'), ('27', 'GAZİANTEP'), ('28', 'GİRESUN'), ('29', 'GÜMÜŞHANE'), ('30', 'HAKKARİ'), ('31', 'HATAY'), ('32', 'ISPARTA'), ('33', 'MERSİN(İÇEL)'), ('34', 'İSTANBUL'), ('35', 'İZMİR'), ('36', 'KARS'), ('37', 'KASTAMONU'), ('38', 'KAYSERİ'), ('39', 'KIRKLARELİ'), ('40', 'KIRŞEHİR'), ('41', 'KOCAELİ'), ('42', 'KONYA'), ('43', 'KÜTAHYA'), ('44', 'MALATYA'), ('45', 'MANİSA'), ('46', 'KAHRAMANMARAŞ'), ('47', 'MARDİN'), ('48', 'MUĞLA'), ('49', 'MUŞ'), ('50', 'NEVŞEHİR'), ('51', 'NİĞDE'), ('52', 'ORDU'), ('53', 'RİZE'), ('54', 'SAKARYA'), ('55', 'SAMSUN'), ('56', 'SİİRT'), ('57', 'SİNOP'), ('58', 'SİVAS'), ('59', 'TEKİRDAĞ'), ('60', 'TOKAT'), ('61', 'TRABZON'), ('62', 'TUNCELİ'), ('63', 'ŞANLIURFA'), ('64', 'UŞAK'), ('65', 'VAN'), ('66', 'YOZGAT'), ('67', 'ZONGULDAK'), ('68', 'AKSARAY'), ('69', 'BAYBURT'), ('70', 'KARAMAN'), ('71', 'KIRIKKALE'), ('72', 'BATMAN'), ('73', 'ŞIRNAK'), ('74', 'BARTIN'), ('75', 'ARDAHAN'), ('76', 'IĞDIR'), ('77', 'YALOVA'), ('78', 'KARABÜK'), ('79', 'KİLİS'), ('80', 'OSMANİYE'), ('81', 'DÜZCE');
COMMIT;

-- ----------------------------
--  Table structure for `pk_ilce`
-- ----------------------------
DROP TABLE IF EXISTS `pk_ilce`;
CREATE TABLE `pk_ilce` (
  `ilce_id` int(10) NOT NULL AUTO_INCREMENT,
  `il_id` int(2) NOT NULL COMMENT 'il plaka kodu',
  `ilce_adi` varchar(255) NOT NULL,
  PRIMARY KEY (`ilce_id`),
  KEY `il_id` (`il_id`)
) ENGINE=MyISAM AUTO_INCREMENT=958 DEFAULT CHARSET=utf8;

-- ----------------------------
--  Records of `pk_ilce`
-- ----------------------------
BEGIN;
INSERT INTO `pk_ilce` VALUES ('1', '1', 'ALADAĞ(KARSANTI)'), ('2', '1', 'CEYHAN'), ('3', '1', 'ÇUKUROVA'), ('4', '1', 'FEKE'), ('5', '1', 'İMAMOĞLU'), ('6', '1', 'KARAİSALI'), ('7', '1', 'KARATAŞ'), ('8', '1', 'KOZAN'), ('9', '1', 'POZANTI'), ('10', '1', 'SAİMBEYLİ'), ('11', '1', 'SARIÇAM'), ('12', '1', 'SEYHAN'), ('13', '1', 'TUFANBEYLİ'), ('14', '1', 'YUMURTALIK'), ('15', '1', 'YÜREĞİR'), ('16', '2', 'ADIYAMAN'), ('17', '2', 'BESNİ'), ('18', '2', 'ÇELİKHAN'), ('19', '2', 'GERGER'), ('20', '2', 'GÖLBAŞI'), ('21', '2', 'KAHTA'), ('22', '2', 'SAMSAT'), ('23', '2', 'SİNCİK'), ('24', '2', 'TUT'), ('25', '3', 'AFYON'), ('26', '3', 'BAŞMAKÇI'), ('27', '3', 'BAYAT'), ('28', '3', 'BOLVADİN'), ('29', '3', 'ÇAY'), ('30', '3', 'ÇOBANLAR'), ('31', '3', 'DAZKIRI'), ('32', '3', 'DİNAR'), ('33', '3', 'EMİRDAĞ'), ('34', '3', 'EVCİLER'), ('35', '3', 'HOCALAR'), ('36', '3', 'İHSANİYE'), ('37', '3', 'İSCEHİSAR'), ('38', '3', 'KIZILÖREN'), ('39', '3', 'SANDIKLI'), ('40', '3', 'SİNCANLI(SİNANPAŞA)'), ('41', '3', 'SULTANDAĞI'), ('42', '3', 'ŞUHUT'), ('43', '4', 'AĞRI'), ('44', '4', 'DİYADİN'), ('45', '4', 'DOĞUBAYAZIT(DOĞUBEYAZIT)'), ('46', '4', 'ELEŞKİRT'), ('47', '4', 'HAMUR'), ('48', '4', 'PATNOS'), ('49', '4', 'TAŞLIÇAY'), ('50', '4', 'TUTAK'), ('51', '5', 'AMASYA'), ('52', '5', 'GÖYNÜCEK'), ('53', '5', 'GÜMÜŞHACIKÖY'), ('54', '5', 'HAMAMÖZÜ'), ('55', '5', 'MERZİFON'), ('56', '5', 'SULUOVA'), ('57', '5', 'TAŞOVA'), ('58', '6', 'AKYURT'), ('59', '6', 'ALTINDAĞ'), ('60', '6', 'AYAŞ'), ('61', '6', 'BALA'), ('62', '6', 'BEYPAZARI'), ('63', '6', 'ÇAMLIDERE'), ('64', '6', 'ÇANKAYA'), ('65', '6', 'ÇUBUK'), ('66', '6', 'ELMADAĞ'), ('67', '6', 'ETİMESGUT'), ('68', '6', 'EVREN'), ('69', '6', 'GÖLBAŞI'), ('70', '6', 'GÜDÜL'), ('71', '6', 'HAYMANA'), ('72', '6', 'KALECİK'), ('73', '6', 'KAZAN'), ('74', '6', 'KEÇİÖREN'), ('75', '6', 'KIZILCAHAMAM'), ('76', '6', 'MAMAK'), ('77', '6', 'NALLIHAN'), ('78', '6', 'POLATLI'), ('79', '6', 'PURSAKLAR'), ('80', '6', 'SİNCAN'), ('81', '6', 'ŞEREFLİKOÇHİSAR'), ('82', '6', 'YENİMAHALLE'), ('83', '7', 'AKSEKİ'), ('84', '7', 'AKSU'), ('85', '7', 'ALANYA'), ('86', '7', 'DEMRE(KALE)'), ('87', '7', 'DÖŞEMEALTI'), ('88', '7', 'ELMALI'), ('89', '7', 'FİNİKE'), ('90', '7', 'GAZİPAŞA'), ('91', '7', 'GÜNDOĞMUŞ'), ('92', '7', 'İBRADI(AYDINKENT)'), ('93', '7', 'KAŞ'), ('94', '7', 'KEMER'), ('95', '7', 'KEPEZ'), ('96', '7', 'KONYAALTI'), ('97', '7', 'KORKUTELİ'), ('98', '7', 'KUMLUCA'), ('99', '7', 'MANAVGAT'), ('100', '7', 'MURATPAŞA'), ('101', '7', 'SERİK'), ('102', '8', 'ARDANUÇ'), ('103', '8', 'ARHAVİ'), ('104', '8', 'ARTVİN'), ('105', '8', 'BORÇKA'), ('106', '8', 'HOPA'), ('107', '8', 'MURGUL(GÖKTAŞ)'), ('108', '8', 'ŞAVŞAT'), ('109', '8', 'YUSUFELİ'), ('110', '9', 'AYDIN'), ('111', '9', 'BOZDOĞAN'), ('112', '9', 'BUHARKENT(ÇUBUKDAĞI)'), ('113', '9', 'ÇİNE'), ('114', '9', 'DİDİM(YENİHİSAR)'), ('115', '9', 'GERMENCİK'), ('116', '9', 'İNCİRLİOVA'), ('117', '9', 'KARACASU'), ('118', '9', 'KARPUZLU'), ('119', '9', 'KOÇARLI'), ('120', '9', 'KÖŞK'), ('121', '9', 'KUŞADASI'), ('122', '9', 'KUYUCAK'), ('123', '9', 'NAZİLLİ'), ('124', '9', 'SÖKE'), ('125', '9', 'SULTANHİSAR'), ('126', '9', 'YENİPAZAR'), ('127', '10', 'AYVALIK'), ('128', '10', 'BALIKESİR'), ('129', '10', 'BALYA'), ('130', '10', 'BANDIRMA'), ('131', '10', 'BİGADİÇ'), ('132', '10', 'BURHANİYE'), ('133', '10', 'DURSUNBEY'), ('134', '10', 'EDREMİT'), ('135', '10', 'ERDEK'), ('136', '10', 'GÖMEÇ'), ('137', '10', 'GÖNEN'), ('138', '10', 'HAVRAN'), ('139', '10', 'İVRİNDİ'), ('140', '10', 'KEPSUT'), ('141', '10', 'MANYAS'), ('142', '10', 'MARMARA'), ('143', '10', 'SAVAŞTEPE'), ('144', '10', 'SINDIRGI'), ('145', '10', 'SUSURLUK'), ('146', '11', 'BİLECİK'), ('147', '11', 'BOZÜYÜK'), ('148', '11', 'GÖLPAZARI'), ('149', '11', 'İNHİSAR'), ('150', '11', 'OSMANELİ'), ('151', '11', 'PAZARYERİ'), ('152', '11', 'SÖĞÜT'), ('153', '11', 'YENİPAZAR'), ('154', '12', 'ADAKLI'), ('155', '12', 'BİNGÖL'), ('156', '12', 'GENÇ'), ('157', '12', 'KARLIOVA'), ('158', '12', 'KİĞI'), ('159', '12', 'SOLHAN'), ('160', '12', 'YAYLADERE'), ('161', '12', 'YEDİSU'), ('162', '13', 'ADİLCEVAZ'), ('163', '13', 'AHLAT'), ('164', '13', 'BİTLİS'), ('165', '13', 'GÜROYMAK'), ('166', '13', 'HİZAN'), ('167', '13', 'MUTKİ'), ('168', '13', 'TATVAN'), ('169', '14', 'BOLU'), ('170', '14', 'DÖRTDİVAN'), ('171', '14', 'GEREDE'), ('172', '14', 'GÖYNÜK'), ('173', '14', 'KIBRISCIK'), ('174', '14', 'MENGEN'), ('175', '14', 'MUDURNU'), ('176', '14', 'SEBEN'), ('177', '14', 'YENİÇAĞA'), ('178', '15', 'AĞLASUN'), ('179', '15', 'ALTINYAYLA(DİRMİL)'), ('180', '15', 'BUCAK'), ('181', '15', 'BURDUR'), ('182', '15', 'ÇAVDIR'), ('183', '15', 'ÇELTİKÇİ'), ('184', '15', 'GÖLHİSAR'), ('185', '15', 'KARAMANLI'), ('186', '15', 'KEMER'), ('187', '15', 'TEFENNİ'), ('188', '15', 'YEŞİLOVA'), ('189', '16', 'BÜYÜKORHAN'), ('190', '16', 'GEMLİK'), ('191', '16', 'GÜRSU'), ('192', '16', 'HARMANCIK'), ('193', '16', 'İNEGÖL'), ('194', '16', 'İZNİK'), ('195', '16', 'KARACABEY'), ('196', '16', 'KELES'), ('197', '16', 'KESTEL'), ('198', '16', 'MUDANYA'), ('199', '16', 'MUSTAFAKEMALPAŞA'), ('200', '16', 'NİLÜFER'), ('201', '16', 'ORHANELİ'), ('202', '16', 'ORHANGAZİ'), ('203', '16', 'OSMANGAZİ'), ('204', '16', 'YENİŞEHİR'), ('205', '16', 'YILDIRIM'), ('206', '17', 'AYVACIK'), ('207', '17', 'BAYRAMİÇ'), ('208', '17', 'BİGA'), ('209', '17', 'BOZCAADA'), ('210', '17', 'ÇAN'), ('211', '17', 'ÇANAKKALE'), ('212', '17', 'ECEABAT'), ('213', '17', 'EZİNE'), ('214', '17', 'GELİBOLU'), ('215', '17', 'GÖKÇEADA(İMROZ)'), ('216', '17', 'LAPSEKİ'), ('217', '17', 'YENİCE'), ('218', '18', 'ATKARACALAR'), ('219', '18', 'BAYRAMÖREN'), ('220', '18', 'ÇANKIRI'), ('221', '18', 'ÇERKEŞ'), ('222', '18', 'ELDİVAN'), ('223', '18', 'ILGAZ'), ('224', '18', 'KIZILIRMAK'), ('225', '18', 'KORGUN'), ('226', '18', 'KURŞUNLU'), ('227', '18', 'ORTA'), ('228', '18', 'ŞABANÖZÜ'), ('229', '18', 'YAPRAKLI'), ('230', '19', 'ALACA'), ('231', '19', 'BAYAT'), ('232', '19', 'BOĞAZKALE'), ('233', '19', 'ÇORUM'), ('234', '19', 'DODURGA'), ('235', '19', 'İSKİLİP'), ('236', '19', 'KARGI'), ('237', '19', 'LAÇİN'), ('238', '19', 'MECİTÖZÜ'), ('239', '19', 'OĞUZLAR(KARAÖREN)'), ('240', '19', 'ORTAKÖY'), ('241', '19', 'OSMANCIK'), ('242', '19', 'SUNGURLU'), ('243', '19', 'UĞURLUDAĞ'), ('244', '20', 'ACIPAYAM'), ('245', '20', 'AKKÖY'), ('246', '20', 'BABADAĞ'), ('247', '20', 'BAKLAN'), ('248', '20', 'BEKİLLİ'), ('249', '20', 'BEYAĞAÇ'), ('250', '20', 'BOZKURT'), ('251', '20', 'BULDAN'), ('252', '20', 'ÇAL'), ('253', '20', 'ÇAMELİ'), ('254', '20', 'ÇARDAK'), ('255', '20', 'ÇİVRİL'), ('256', '20', 'DENİZLİ'), ('257', '20', 'GÜNEY'), ('258', '20', 'HONAZ'), ('259', '20', 'KALE'), ('260', '20', 'SARAYKÖY'), ('261', '20', 'SERİNHİSAR'), ('262', '20', 'TAVAS'), ('263', '21', 'BAĞLAR'), ('264', '21', 'BİSMİL'), ('265', '21', 'ÇERMİK'), ('266', '21', 'ÇINAR'), ('267', '21', 'ÇÜNGÜŞ'), ('268', '21', 'DİCLE'), ('269', '21', 'EĞİL'), ('270', '21', 'ERGANİ'), ('271', '21', 'HANİ'), ('272', '21', 'HAZRO'), ('273', '21', 'KAYAPINAR'), ('274', '21', 'KOCAKÖY'), ('275', '21', 'KULP'), ('276', '21', 'LİCE'), ('277', '21', 'SİLVAN'), ('278', '21', 'SUR'), ('279', '21', 'YENİŞEHİR'), ('280', '22', 'EDİRNE'), ('281', '22', 'ENEZ'), ('282', '22', 'HAVSA'), ('283', '22', 'İPSALA'), ('284', '22', 'KEŞAN'), ('285', '22', 'LALAPAŞA'), ('286', '22', 'MERİÇ'), ('287', '22', 'SÜLOĞLU(SÜLEOĞLU)'), ('288', '22', 'UZUNKÖPRÜ'), ('289', '23', 'AĞIN'), ('290', '23', 'ALACAKAYA'), ('291', '23', 'ARICAK'), ('292', '23', 'BASKİL'), ('293', '23', 'ELAZIĞ'), ('294', '23', 'KARAKOÇAN'), ('295', '23', 'KEBAN'), ('296', '23', 'KOVANCILAR'), ('297', '23', 'MADEN'), ('298', '23', 'PALU'), ('299', '23', 'SİVRİCE'), ('300', '24', 'ÇAYIRLI'), ('301', '24', 'ERZİNCAN'), ('302', '24', 'ILIÇ(İLİÇ)'), ('303', '24', 'KEMAH'), ('304', '24', 'KEMALİYE'), ('305', '24', 'OTLUKBELİ'), ('306', '24', 'REFAHİYE'), ('307', '24', 'TERCAN'), ('308', '24', 'ÜZÜMLÜ'), ('309', '25', 'AŞKALE'), ('310', '25', 'AZİZİYE(ILICA)'), ('311', '25', 'ÇAT'), ('312', '25', 'HINIS'), ('313', '25', 'HORASAN'), ('314', '25', 'İSPİR'), ('315', '25', 'KARAÇOBAN'), ('316', '25', 'KARAYAZI'), ('317', '25', 'KÖPRÜKÖY'), ('318', '25', 'NARMAN'), ('319', '25', 'OLTU'), ('320', '25', 'OLUR'), ('321', '25', 'PALANDÖKEN'), ('322', '25', 'PASİNLER'), ('323', '25', 'PAZARYOLU'), ('324', '25', 'ŞENKAYA'), ('325', '25', 'TEKMAN'), ('326', '25', 'TORTUM'), ('327', '25', 'UZUNDERE'), ('328', '25', 'YAKUTİYE'), ('329', '26', 'ALPU'), ('330', '26', 'BEYLİKOVA'), ('331', '26', 'ÇİFTELER'), ('332', '26', 'GÜNYÜZÜ'), ('333', '26', 'HAN'), ('334', '26', 'İNÖNÜ'), ('335', '26', 'MAHMUDİYE'), ('336', '26', 'MİHALGAZİ'), ('337', '26', 'MİHALIÇÇIK'), ('338', '26', 'ODUNPAZARI'), ('339', '26', 'SARICAKAYA'), ('340', '26', 'SEYİTGAZİ'), ('341', '26', 'SİVRİHİSAR'), ('342', '26', 'TEPEBAŞI'), ('343', '27', 'ARABAN'), ('344', '27', 'İSLAHİYE'), ('345', '27', 'KARKAMIŞ'), ('346', '27', 'NİZİP'), ('347', '27', 'NURDAĞI'), ('348', '27', 'OĞUZELİ'), ('349', '27', 'ŞAHİNBEY'), ('350', '27', 'ŞEHİTKAMİL'), ('351', '27', 'YAVUZELİ'), ('352', '28', 'ALUCRA'), ('353', '28', 'BULANCAK'), ('354', '28', 'ÇAMOLUK'), ('355', '28', 'ÇANAKÇI'), ('356', '28', 'DERELİ'), ('357', '28', 'DOĞANKENT'), ('358', '28', 'ESPİYE'), ('359', '28', 'EYNESİL'), ('360', '28', 'GİRESUN'), ('361', '28', 'GÖRELE'), ('362', '28', 'GÜCE'), ('363', '28', 'KEŞAP'), ('364', '28', 'PİRAZİZ'), ('365', '28', 'ŞEBİNKARAHİSAR'), ('366', '28', 'TİREBOLU'), ('367', '28', 'YAĞLIDERE'), ('368', '29', 'GÜMÜŞHANE'), ('369', '29', 'KELKİT'), ('370', '29', 'KÖSE'), ('371', '29', 'KÜRTÜN'), ('372', '29', 'ŞİRAN'), ('373', '29', 'TORUL'), ('374', '30', 'ÇUKURCA'), ('375', '30', 'HAKKARİ'), ('376', '30', 'ŞEMDİNLİ'), ('377', '30', 'YÜKSEKOVA'), ('378', '31', 'ALTINÖZÜ'), ('379', '31', 'ANTAKYA'), ('380', '31', 'BELEN'), ('381', '31', 'DÖRTYOL'), ('382', '31', 'ERZİN'), ('383', '31', 'HASSA'), ('384', '31', 'İSKENDERUN'), ('385', '31', 'KIRIKHAN'), ('386', '31', 'KUMLU'), ('387', '31', 'REYHANLI'), ('388', '31', 'SAMANDAĞ'), ('389', '31', 'YAYLADAĞI'), ('390', '32', 'AKSU'), ('391', '32', 'ATABEY'), ('392', '32', 'EĞİRDİR(EĞRİDİR)'), ('393', '32', 'GELENDOST'), ('394', '32', 'GÖNEN'), ('395', '32', 'ISPARTA'), ('396', '32', 'KEÇİBORLU'), ('397', '32', 'SENİRKENT'), ('398', '32', 'SÜTÇÜLER'), ('399', '32', 'ŞARKİKARAAĞAÇ'), ('400', '32', 'ULUBORLU'), ('401', '32', 'YALVAÇ'), ('402', '32', 'YENİŞARBADEMLİ'), ('403', '33', 'AKDENİZ'), ('404', '33', 'ANAMUR'), ('405', '33', 'AYDINCIK'), ('406', '33', 'BOZYAZI'), ('407', '33', 'ÇAMLIYAYLA'), ('408', '33', 'ERDEMLİ'), ('409', '33', 'GÜLNAR (GÜLPINAR)'), ('410', '33', 'MEZİTLİ'), ('411', '33', 'MUT'), ('412', '33', 'SİLİFKE'), ('413', '33', 'TARSUS'), ('414', '33', 'TOROSLAR'), ('415', '33', 'YENİŞEHİR'), ('416', '34', 'ADALAR'), ('417', '34', 'ARNAVUTKÖY'), ('418', '34', 'ATAŞEHİR'), ('419', '34', 'AVCILAR'), ('420', '34', 'BAĞCILAR'), ('421', '34', 'BAHÇELİEVLER'), ('422', '34', 'BAKIRKÖY'), ('423', '34', 'BAŞAKŞEHİR'), ('424', '34', 'BAYRAMPAŞA'), ('425', '34', 'BEŞİKTAŞ'), ('426', '34', 'BEYKOZ'), ('427', '34', 'BEYLİKDÜZÜ'), ('428', '34', 'BEYOĞLU'), ('429', '34', 'BÜYÜKÇEKMECE'), ('430', '34', 'ÇATALCA'), ('431', '34', 'ÇEKMEKÖY'), ('432', '34', 'ESENLER'), ('433', '34', 'ESENYURT'), ('434', '34', 'EYÜP'), ('435', '34', 'FATİH'), ('436', '34', 'GAZİOSMANPAŞA'), ('437', '34', 'GÜNGÖREN'), ('438', '34', 'KADIKÖY'), ('439', '34', 'KAĞITHANE'), ('440', '34', 'KARTAL'), ('441', '34', 'KÜÇÜKÇEKMECE'), ('442', '34', 'MALTEPE'), ('443', '34', 'PENDİK'), ('444', '34', 'SANCAKTEPE'), ('445', '34', 'SARIYER'), ('446', '34', 'SİLİVRİ'), ('447', '34', 'SULTANBEYLİ'), ('448', '34', 'SULTANGAZİ'), ('449', '34', 'ŞİLE'), ('450', '34', 'ŞİŞLİ'), ('451', '34', 'TUZLA'), ('452', '34', 'ÜMRANİYE'), ('453', '34', 'ÜSKÜDAR'), ('454', '34', 'ZEYTİNBURNU'), ('455', '35', 'ALİAĞA'), ('456', '35', 'BALÇOVA'), ('457', '35', 'BAYINDIR'), ('458', '35', 'BAYRAKLI'), ('459', '35', 'BERGAMA'), ('460', '35', 'BEYDAĞ'), ('461', '35', 'BORNOVA'), ('462', '35', 'BUCA'), ('463', '35', 'ÇEŞME'), ('464', '35', 'ÇİĞLİ'), ('465', '35', 'DİKİLİ'), ('466', '35', 'FOÇA'), ('467', '35', 'GAZİEMİR'), ('468', '35', 'GÜZELBAHÇE'), ('469', '35', 'KARABAĞLAR'), ('470', '35', 'KARABURUN'), ('471', '35', 'KARŞIYAKA'), ('472', '35', 'KEMALPAŞA'), ('473', '35', 'KINIK'), ('474', '35', 'KİRAZ'), ('475', '35', 'KONAK'), ('476', '35', 'MENDERES(CUMAOVASI)'), ('477', '35', 'MENEMEN'), ('478', '35', 'NARLIDERE'), ('479', '35', 'ÖDEMİŞ'), ('480', '35', 'SEFERİHİSAR'), ('481', '35', 'SELÇUK'), ('482', '35', 'TİRE'), ('483', '35', 'TORBALI'), ('484', '35', 'URLA'), ('485', '36', 'AKYAKA'), ('486', '36', 'ARPAÇAY'), ('487', '36', 'DİGOR'), ('488', '36', 'KAĞIZMAN'), ('489', '36', 'KARS'), ('490', '36', 'SARIKAMIŞ'), ('491', '36', 'SELİM'), ('492', '36', 'SUSUZ'), ('493', '37', 'ABANA'), ('494', '37', 'AĞLI'), ('495', '37', 'ARAÇ'), ('496', '37', 'AZDAVAY'), ('497', '37', 'BOZKURT'), ('498', '37', 'CİDE'), ('499', '37', 'ÇATALZEYTİN'), ('500', '37', 'DADAY'), ('501', '37', 'DEVREKANİ'), ('502', '37', 'DOĞANYURT'), ('503', '37', 'HANÖNÜ(GÖKÇEAĞAÇ)'), ('504', '37', 'İHSANGAZİ'), ('505', '37', 'İNEBOLU'), ('506', '37', 'KASTAMONU'), ('507', '37', 'KÜRE'), ('508', '37', 'PINARBAŞI'), ('509', '37', 'SEYDİLER'), ('510', '37', 'ŞENPAZAR'), ('511', '37', 'TAŞKÖPRÜ'), ('512', '37', 'TOSYA'), ('513', '38', 'AKKIŞLA'), ('514', '38', 'BÜNYAN'), ('515', '38', 'DEVELİ'), ('516', '38', 'FELAHİYE'), ('517', '38', 'HACILAR'), ('518', '38', 'İNCESU'), ('519', '38', 'KOCASİNAN'), ('520', '38', 'MELİKGAZİ'), ('521', '38', 'ÖZVATAN(ÇUKUR)'), ('522', '38', 'PINARBAŞI'), ('523', '38', 'SARIOĞLAN'), ('524', '38', 'SARIZ'), ('525', '38', 'TALAS'), ('526', '38', 'TOMARZA'), ('527', '38', 'YAHYALI'), ('528', '38', 'YEŞİLHİSAR'), ('529', '39', 'BABAESKİ'), ('530', '39', 'DEMİRKÖY'), ('531', '39', 'KIRKLARELİ'), ('532', '39', 'KOFÇAZ'), ('533', '39', 'LÜLEBURGAZ'), ('534', '39', 'PEHLİVANKÖY'), ('535', '39', 'PINARHİSAR'), ('536', '39', 'VİZE'), ('537', '40', 'AKÇAKENT'), ('538', '40', 'AKPINAR'), ('539', '40', 'BOZTEPE'), ('540', '40', 'ÇİÇEKDAĞI'), ('541', '40', 'KAMAN'), ('542', '40', 'KIRŞEHİR'), ('543', '40', 'MUCUR'), ('544', '41', 'BAŞİSKELE'), ('545', '41', 'ÇAYIROVA'), ('546', '41', 'DARICA'), ('547', '41', 'DERİNCE'), ('548', '41', 'DİLOVASI'), ('549', '41', 'GEBZE'), ('550', '41', 'GÖLCÜK'), ('551', '41', 'İZMİT'), ('552', '41', 'KANDIRA'), ('553', '41', 'KARAMÜRSEL'), ('554', '41', 'KARTEPE'), ('555', '41', 'KÖRFEZ(TÜTÜNÇİFTLİK)'), ('556', '42', 'AHIRLI'), ('557', '42', 'AKÖREN'), ('558', '42', 'AKŞEHİR'), ('559', '42', 'ALTINEKİN'), ('560', '42', 'BEYŞEHİR'), ('561', '42', 'BOZKIR'), ('562', '42', 'CİHANBEYLİ'), ('563', '42', 'ÇELTİK'), ('564', '42', 'ÇUMRA'), ('565', '42', 'DERBENT'), ('566', '42', 'DEREBUCAK'), ('567', '42', 'DOĞANHİSAR'), ('568', '42', 'EMİRGAZİ'), ('569', '42', 'EREĞLİ'), ('570', '42', 'GÜNEYSINIR'), ('571', '42', 'HADİM'), ('572', '42', 'HALKAPINAR'), ('573', '42', 'HÜYÜK'), ('574', '42', 'ILGIN'), ('575', '42', 'KADINHANI'), ('576', '42', 'KARAPINAR'), ('577', '42', 'KARATAY'), ('578', '42', 'KULU'), ('579', '42', 'MERAM'), ('580', '42', 'SARAYÖNÜ'), ('581', '42', 'SELÇUKLU'), ('582', '42', 'SEYDİŞEHİR'), ('583', '42', 'TAŞKENT'), ('584', '42', 'TUZLUKÇU'), ('585', '42', 'YALIHÜYÜK'), ('586', '42', 'YUNAK'), ('587', '43', 'ALTINTAŞ'), ('588', '43', 'ASLANAPA'), ('589', '43', 'ÇAVDARHİSAR'), ('590', '43', 'DOMANİÇ'), ('591', '43', 'DUMLUPINAR'), ('592', '43', 'EMET'), ('593', '43', 'GEDİZ'), ('594', '43', 'HİSARCIK'), ('595', '43', 'KÜTAHYA'), ('596', '43', 'PAZARLAR'), ('597', '43', 'SİMAV'), ('598', '43', 'ŞAPHANE'), ('599', '43', 'TAVŞANLI'), ('600', '44', 'AKÇADAĞ'), ('601', '44', 'ARAPKİR(ARAPGİR)'), ('602', '44', 'ARGUVAN'), ('603', '44', 'BATTALGAZİ'), ('604', '44', 'DARENDE'), ('605', '44', 'DOĞANŞEHİR'), ('606', '44', 'DOĞANYOL'), ('607', '44', 'HEKİMHAN'), ('608', '44', 'KALE'), ('609', '44', 'KULUNCAK'), ('610', '44', 'MALATYA'), ('611', '44', 'PÜTÜRGE(PÖTÜRGE)'), ('612', '44', 'YAZIHAN'), ('613', '44', 'YEŞİLYURT'), ('614', '45', 'AHMETLİ'), ('615', '45', 'AKHİSAR'), ('616', '45', 'ALAŞEHİR'), ('617', '45', 'DEMİRCİ'), ('618', '45', 'GÖLMARMARA'), ('619', '45', 'GÖRDES'), ('620', '45', 'KIRKAĞAÇ'), ('621', '45', 'KÖPRÜBAŞI'), ('622', '45', 'KULA'), ('623', '45', 'MANİSA'), ('624', '45', 'SALİHLİ'), ('625', '45', 'SARIGÖL'), ('626', '45', 'SARUHANLI'), ('627', '45', 'SELENDİ'), ('628', '45', 'SOMA'), ('629', '45', 'TURGUTLU'), ('630', '46', 'AFŞİN'), ('631', '46', 'ANDIRIN'), ('632', '46', 'ÇAĞLIYANCERİT'), ('633', '46', 'EKİNÖZÜ'), ('634', '46', 'ELBİSTAN'), ('635', '46', 'GÖKSUN'), ('636', '46', 'KAHRAMANMARAŞ'), ('637', '46', 'NURHAK'), ('638', '46', 'PAZARCIK'), ('639', '46', 'TÜRKOĞLU'), ('640', '47', 'DARGEÇİT'), ('641', '47', 'DERİK'), ('642', '47', 'KIZILTEPE'), ('643', '47', 'MARDİN'), ('644', '47', 'MAZIDAĞI'), ('645', '47', 'MİDYAT(ESTEL)'), ('646', '47', 'NUSAYBİN'), ('647', '47', 'ÖMERLİ'), ('648', '47', 'SAVUR'), ('649', '47', 'YEŞİLLİ'), ('650', '48', 'BODRUM'), ('651', '48', 'DALAMAN'), ('652', '48', 'DATÇA'), ('653', '48', 'FETHİYE'), ('654', '48', 'KAVAKLIDERE'), ('655', '48', 'KÖYCEĞİZ'), ('656', '48', 'MARMARİS'), ('657', '48', 'MİLAS'), ('658', '48', 'MUĞLA'), ('659', '48', 'ORTACA'), ('660', '48', 'ULA'), ('661', '48', 'YATAĞAN'), ('662', '49', 'BULANIK'), ('663', '49', 'HASKÖY'), ('664', '49', 'KORKUT'), ('665', '49', 'MALAZGİRT'), ('666', '49', 'MUŞ'), ('667', '49', 'VARTO'), ('668', '50', 'ACIGÖL'), ('669', '50', 'AVANOS'), ('670', '50', 'DERİNKUYU'), ('671', '50', 'GÜLŞEHİR'), ('672', '50', 'HACIBEKTAŞ'), ('673', '50', 'KOZAKLI'), ('674', '50', 'NEVŞEHİR'), ('675', '50', 'ÜRGÜP'), ('676', '51', 'ALTUNHİSAR'), ('677', '51', 'BOR'), ('678', '51', 'ÇAMARDI'), ('679', '51', 'ÇİFTLİK(ÖZYURT)'), ('680', '51', 'NİĞDE'), ('681', '51', 'ULUKIŞLA'), ('682', '52', 'AKKUŞ'), ('683', '52', 'AYBASTI'), ('684', '52', 'ÇAMAŞ'), ('685', '52', 'ÇATALPINAR'), ('686', '52', 'ÇAYBAŞI'), ('687', '52', 'FATSA'), ('688', '52', 'GÖLKÖY'), ('689', '52', 'GÜLYALI'), ('690', '52', 'GÜRGENTEPE'), ('691', '52', 'İKİZCE'), ('692', '52', 'KABADÜZ(KARADÜZ)'), ('693', '52', 'KABATAŞ'), ('694', '52', 'KORGAN'), ('695', '52', 'KUMRU'), ('696', '52', 'MESUDİYE'), ('697', '52', 'ORDU'), ('698', '52', 'PERŞEMBE'), ('699', '52', 'ULUBEY'), ('700', '52', 'ÜNYE'), ('701', '53', 'ARDEŞEN'), ('702', '53', 'ÇAMLIHEMŞİN'), ('703', '53', 'ÇAYELİ'), ('704', '53', 'DEREPAZARI'), ('705', '53', 'FINDIKLI'), ('706', '53', 'GÜNEYSU'), ('707', '53', 'HEMŞİN'), ('708', '53', 'İKİZDERE'), ('709', '53', 'İYİDERE'), ('710', '53', 'KALKANDERE'), ('711', '53', 'PAZAR'), ('712', '53', 'RİZE'), ('713', '54', 'ADAPAZARI'), ('714', '54', 'AKYAZI'), ('715', '54', 'ARİFİYE'), ('716', '54', 'ERENLER'), ('717', '54', 'FERİZLİ'), ('718', '54', 'GEYVE'), ('719', '54', 'HENDEK'), ('720', '54', 'KARAPÜRÇEK'), ('721', '54', 'KARASU'), ('722', '54', 'KAYNARCA'), ('723', '54', 'KOCAALİ'), ('724', '54', 'PAMUKOVA'), ('725', '54', 'SAPANCA'), ('726', '54', 'SERDİVAN'), ('727', '54', 'SÖĞÜTLÜ'), ('728', '54', 'TARAKLI'), ('729', '55', 'ALAÇAM'), ('730', '55', 'ASARCIK'), ('731', '55', 'ATAKUM'), ('732', '55', 'AYVACIK'), ('733', '55', 'BAFRA'), ('734', '55', 'CANİK'), ('735', '55', 'ÇARŞAMBA'), ('736', '55', 'HAVZA'), ('737', '55', 'İLKADIM'), ('738', '55', 'KAVAK'), ('739', '55', 'LADİK'), ('740', '55', 'ONDOKUZMAYIS(BALLICA)'), ('741', '55', 'SALIPAZARI'), ('742', '55', 'TEKKEKÖY'), ('743', '55', 'TERME'), ('744', '55', 'VEZİRKÖPRÜ'), ('745', '55', 'YAKAKENT'), ('746', '56', 'AYDINLAR'), ('747', '56', 'BAYKAN'), ('748', '56', 'ERUH'), ('749', '56', 'KURTALAN'), ('750', '56', 'PERVARİ'), ('751', '56', 'SİİRT'), ('752', '56', 'ŞİRVAN'), ('753', '57', 'AYANCIK'), ('754', '57', 'BOYABAT'), ('755', '57', 'DİKMEN'), ('756', '57', 'DURAĞAN'), ('757', '57', 'ERFELEK'), ('758', '57', 'GERZE'), ('759', '57', 'SARAYDÜZÜ'), ('760', '57', 'SİNOP'), ('761', '57', 'TÜRKELİ'), ('762', '58', 'AKINCILAR'), ('763', '58', 'ALTINYAYLA'), ('764', '58', 'DİVRİĞİ'), ('765', '58', 'DOĞANŞAR'), ('766', '58', 'GEMEREK'), ('767', '58', 'GÖLOVA'), ('768', '58', 'GÜRÜN'), ('769', '58', 'HAFİK'), ('770', '58', 'İMRANLI'), ('771', '58', 'KANGAL'), ('772', '58', 'KOYULHİSAR'), ('773', '58', 'SİVAS'), ('774', '58', 'SUŞEHRİ'), ('775', '58', 'ŞARKIŞLA'), ('776', '58', 'ULAŞ'), ('777', '58', 'YILDIZELİ'), ('778', '58', 'ZARA'), ('779', '59', 'ÇERKEZKÖY'), ('780', '59', 'ÇORLU'), ('781', '59', 'HAYRABOLU'), ('782', '59', 'MALKARA'), ('783', '59', 'MARMARAEREĞLİSİ'), ('784', '59', 'MURATLI'), ('785', '59', 'SARAY'), ('786', '59', 'ŞARKÖY'), ('787', '59', 'TEKİRDAĞ'), ('788', '60', 'ALMUS'), ('789', '60', 'ARTOVA'), ('790', '60', 'BAŞÇİFTLİK'), ('791', '60', 'ERBAA'), ('792', '60', 'NİKSAR'), ('793', '60', 'PAZAR'), ('794', '60', 'REŞADİYE'), ('795', '60', 'SULUSARAY'), ('796', '60', 'TOKAT'), ('797', '60', 'TURHAL'), ('798', '60', 'YEŞİLYURT'), ('799', '60', 'ZİLE'), ('800', '61', 'AKÇAABAT'), ('801', '61', 'ARAKLI'), ('802', '61', 'ARSİN'), ('803', '61', 'BEŞİKDÜZÜ'), ('804', '61', 'ÇARŞIBAŞI'), ('805', '61', 'ÇAYKARA'), ('806', '61', 'DERNEKPAZARI'), ('807', '61', 'DÜZKÖY'), ('808', '61', 'HAYRAT'), ('809', '61', 'KÖPRÜBAŞI'), ('810', '61', 'MAÇKA'), ('811', '61', 'OF'), ('812', '61', 'SÜRMENE'), ('813', '61', 'ŞALPAZARI'), ('814', '61', 'TONYA'), ('815', '61', 'TRABZON'), ('816', '61', 'VAKFIKEBİR'), ('817', '61', 'YOMRA'), ('818', '62', 'ÇEMİŞGEZEK'), ('819', '62', 'HOZAT'), ('820', '62', 'MAZGİRT'), ('821', '62', 'NAZIMİYE'), ('822', '62', 'OVACIK'), ('823', '62', 'PERTEK'), ('824', '62', 'PÜLÜMÜR'), ('825', '62', 'TUNCELİ'), ('826', '63', 'AKÇAKALE'), ('827', '63', 'BİRECİK'), ('828', '63', 'BOZOVA'), ('829', '63', 'CEYLANPINAR'), ('830', '63', 'HALFETİ'), ('831', '63', 'HARRAN'), ('832', '63', 'HİLVAN'), ('833', '63', 'SİVEREK'), ('834', '63', 'SURUÇ'), ('835', '63', 'ŞANLIURFA'), ('836', '63', 'VİRANŞEHİR'), ('837', '64', 'BANAZ'), ('838', '64', 'EŞME'), ('839', '64', 'KARAHALLI'), ('840', '64', 'SİVASLI'), ('841', '64', 'ULUBEY'), ('842', '64', 'UŞAK'), ('843', '65', 'BAHÇESARAY'), ('844', '65', 'BAŞKALE'), ('845', '65', 'ÇALDIRAN'), ('846', '65', 'ÇATAK'), ('847', '65', 'EDREMİT(GÜMÜŞDERE)'), ('848', '65', 'ERCİŞ'), ('849', '65', 'GEVAŞ'), ('850', '65', 'GÜRPINAR'), ('851', '65', 'MURADİYE'), ('852', '65', 'ÖZALP'), ('853', '65', 'SARAY'), ('854', '65', 'VAN'), ('855', '66', 'AKDAĞMADENİ'), ('856', '66', 'AYDINCIK'), ('857', '66', 'BOĞAZLIYAN'), ('858', '66', 'ÇANDIR'), ('859', '66', 'ÇAYIRALAN'), ('860', '66', 'ÇEKEREK'), ('861', '66', 'KADIŞEHRİ'), ('862', '66', 'SARAYKENT'), ('863', '66', 'SARIKAYA'), ('864', '66', 'SORGUN'), ('865', '66', 'ŞEFAATLİ'), ('866', '66', 'YENİFAKILI'), ('867', '66', 'YERKÖY'), ('868', '66', 'YOZGAT'), ('869', '67', 'ALAPLI'), ('870', '67', 'ÇAYCUMA'), ('871', '67', 'DEVREK'), ('872', '67', 'GÖKÇEBEY'), ('873', '67', 'KARADENİZEREĞLİ'), ('874', '67', 'ZONGULDAK'), ('875', '68', 'AĞAÇÖREN'), ('876', '68', 'AKSARAY'), ('877', '68', 'ESKİL'), ('878', '68', 'GÜLAĞAÇ'), ('879', '68', 'GÜZELYURT'), ('880', '68', 'ORTAKÖY'), ('881', '68', 'SARIYAHŞİ'), ('882', '69', 'AYDINTEPE'), ('883', '69', 'BAYBURT'), ('884', '69', 'DEMİRÖZÜ'), ('885', '70', 'AYRANCI'), ('886', '70', 'BAŞYAYLA'), ('887', '70', 'ERMENEK'), ('888', '70', 'KARAMAN'), ('889', '70', 'KAZIMKARABEKİR'), ('890', '70', 'SARIVELİLER'), ('891', '71', 'BAHŞİLİ'), ('892', '71', 'BALIŞEYH'), ('893', '71', 'ÇELEBİ'), ('894', '71', 'DELİCE'), ('895', '71', 'KARAKEÇİLİ'), ('896', '71', 'KESKİN'), ('897', '71', 'KIRIKKALE'), ('898', '71', 'SULAKYURT'), ('899', '71', 'YAHŞİHAN'), ('900', '72', 'BATMAN'), ('901', '72', 'BEŞİRİ'), ('902', '72', 'GERCÜŞ'), ('903', '72', 'HASANKEYF'), ('904', '72', 'KOZLUK'), ('905', '72', 'SASON'), ('906', '73', 'BEYTÜŞŞEBAP'), ('907', '73', 'CİZRE'), ('908', '73', 'GÜÇLÜKONAK'), ('909', '73', 'İDİL'), ('910', '73', 'SİLOPİ'), ('911', '73', 'ŞIRNAK'), ('912', '73', 'ULUDERE'), ('913', '74', 'AMASRA'), ('914', '74', 'BARTIN'), ('915', '74', 'KURUCAŞİLE'), ('916', '74', 'ULUS'), ('917', '75', 'ARDAHAN'), ('918', '75', 'ÇILDIR'), ('919', '75', 'DAMAL'), ('920', '75', 'GÖLE'), ('921', '75', 'HANAK'), ('922', '75', 'POSOF'), ('923', '76', 'ARALIK'), ('924', '76', 'IĞDIR'), ('925', '76', 'KARAKOYUNLU'), ('926', '76', 'TUZLUCA'), ('927', '77', 'ALTINOVA'), ('928', '77', 'ARMUTLU'), ('929', '77', 'ÇINARCIK'), ('930', '77', 'ÇİFTLİKKÖY'), ('931', '77', 'TERMAL'), ('932', '77', 'YALOVA'), ('933', '78', 'EFLANİ'), ('934', '78', 'ESKİPAZAR'), ('935', '78', 'KARABÜK'), ('936', '78', 'OVACIK'), ('937', '78', 'SAFRANBOLU'), ('938', '78', 'YENİCE'), ('939', '79', 'ELBEYLİ'), ('940', '79', 'KİLİS'), ('941', '79', 'MUSABEYLİ'), ('942', '79', 'POLATELİ'), ('943', '80', 'BAHÇE'), ('944', '80', 'DÜZİÇİ'), ('945', '80', 'HASANBEYLİ'), ('946', '80', 'KADİRLİ'), ('947', '80', 'OSMANİYE'), ('948', '80', 'SUMBAS'), ('949', '80', 'TOPRAKKALE'), ('950', '81', 'AKÇAKOCA'), ('951', '81', 'CUMAYERİ'), ('952', '81', 'ÇİLİMLİ'), ('953', '81', 'DÜZCE'), ('954', '81', 'GÖLYAKA'), ('955', '81', 'GÜMÜŞOVA'), ('956', '81', 'KAYNAŞLI'), ('957', '81', 'YIĞILCA');
COMMIT;

-- ----------------------------
--  Table structure for `slider`
-- ----------------------------
DROP TABLE IF EXISTS `slider`;
CREATE TABLE `slider` (
  `id` int(11) NOT NULL,
  `slider_group_id` int(11) unsigned DEFAULT '0',
  `slider_img` varchar(100) DEFAULT NULL,
  `slider_desc` varchar(100) DEFAULT NULL,
  `slider_title` varchar(100) DEFAULT NULL,
  `slider_url` varchar(100) DEFAULT NULL,
  `core_website_id` int(11) unsigned DEFAULT NULL,
  PRIMARY KEY (`id`)
) ENGINE=InnoDB DEFAULT CHARSET=utf8;

-- ----------------------------
--  Table structure for `slider_group`
-- ----------------------------
DROP TABLE IF EXISTS `slider_group`;
CREATE TABLE `slider_group` (
  `id` int(11) unsigned NOT NULL AUTO_INCREMENT,
  `slider_group_name` varchar(100) DEFAULT NULL,
  PRIMARY KEY (`id`)
) ENGINE=InnoDB DEFAULT CHARSET=utf8;

SET FOREIGN_KEY_CHECKS = 1;
